{
  "timestamp": 1645034848957,
  "totalSupply": 14847960.893960265,
  "moreBalance": 16451792.624601718,
  "cachedAPR": 8.97,
  "currentRatio": 1.108016968935704
}