{
  "timestamp": 1645034848957,
  "totalSupply": 13317678.268254483,
  "moreBalance": 14467286.853676697,
  "cachedAPR": 10.2,
  "currentRatio": 1.0863219971428917
}