{
  "timestamp": 1645034848957,
  "totalSupply": 13366297.007478243,
  "moreBalance": 14505047.699191399,
  "cachedAPR": 10.17,
  "currentRatio": 1.085195674694049
}