{
  "timestamp": 1645034848957,
  "totalSupply": 2266574.897943012,
  "moreBalance": 2307504.1195653635,
  "cachedAPR": 78.19,
  "currentRatio": 1.0180577406286004
}