{
  "timestamp": 1645034848957,
  "totalSupply": 12384393.126807226,
  "moreBalance": 13400357.75970434,
  "cachedAPR": 11.01,
  "currentRatio": 1.082035883591095
}