{
  "timestamp": 1645034848957,
  "totalSupply": 12776362.851747952,
  "moreBalance": 13851628.882615685,
  "cachedAPR": 10.65,
  "currentRatio": 1.0841605739712241
}