{
  "timestamp": 1645034848957,
  "totalSupply": 13487792.307794476,
  "moreBalance": 14667164.74535464,
  "cachedAPR": 10.06,
  "currentRatio": 1.0874399909671366
}