{
  "timestamp": 1645034848957,
  "totalSupply": 14972707.579074485,
  "moreBalance": 16590014.068526752,
  "cachedAPR": 8.9,
  "currentRatio": 1.108016968935704
}