{
  "timestamp": 1644768948261,
  "totalSupply": 1558712.3200260473,
  "moreBalance": 1574299.4432263079,
  "cachedAPR": 19.5080477478,
  "currentRatio": 1.01
}