{
  "timestamp": 1645034848957,
  "totalSupply": 12307163.62685317,
  "moreBalance": 13290295.207168005,
  "cachedAPR": 11.1,
  "currentRatio": 1.0798828722947769
}