{
  "timestamp": 1645034848957,
  "totalSupply": 12567225.594783185,
  "moreBalance": 13611524.231411103,
  "cachedAPR": 10.84,
  "currentRatio": 1.0830969913567414
}