{
  "timestamp": 1645034848957,
  "totalSupply": 8711536.963723198,
  "moreBalance": 9198852.728533573,
  "cachedAPR": 23.61,
  "currentRatio": 1.055939126108248
}