{
  "timestamp": 1645034848957,
  "totalSupply": 8711548.251460453,
  "moreBalance": 9198864.647696989,
  "cachedAPR": 23.61,
  "currentRatio": 1.0559391261082482
}