{
  "timestamp": 1645034848957,
  "totalSupply": 9175814.187300717,
  "moreBalance": 9718796.500412999,
  "cachedAPR": 18.32,
  "currentRatio": 1.0591753823724728
}