{
  "timestamp": 1645034848957,
  "totalSupply": 12538872.66960538,
  "moreBalance": 13567510.16829269,
  "cachedAPR": 10.88,
  "currentRatio": 1.082035883591095
}