{
  "timestamp": 1645034848957,
  "totalSupply": 8528404.345954211,
  "moreBalance": 8985733.513150832,
  "cachedAPR": 24.17,
  "currentRatio": 1.053624235981913
}