{
  "timestamp": 1645034848957,
  "totalSupply": 16488763.331354788,
  "moreBalance": 18304181.89498775,
  "cachedAPR": 6.64,
  "currentRatio": 1.1101003469545099
}