{
  "timestamp": 1645034848957,
  "totalSupply": 6406786.8174307095,
  "moreBalance": 6729427.623801096,
  "cachedAPR": 26.47,
  "currentRatio": 1.0503592230496246
}