{
  "timestamp": 1645034848957,
  "totalSupply": 3036663.1742803417,
  "moreBalance": 3131196.5614685384,
  "cachedAPR": 57.44,
  "currentRatio": 1.0311306792234538
}