{
  "timestamp": 1645034848957,
  "totalSupply": 9129806.847814854,
  "moreBalance": 9700782.834139403,
  "cachedAPR": 15.53,
  "currentRatio": 1.062539766266929
}