{
  "timestamp": 1645034848957,
  "totalSupply": 3032032.5107607762,
  "moreBalance": 3123088.7422483535,
  "cachedAPR": 57.58,
  "currentRatio": 1.0300314166040159
}