{
  "timestamp": 1645034848957,
  "totalSupply": 12769161.42570213,
  "moreBalance": 13843821.380420437,
  "cachedAPR": 10.66,
  "currentRatio": 1.0841605739712241
}