{
  "timestamp": 1645034848957,
  "totalSupply": 2448287.147275508,
  "moreBalance": 2499623.28100525,
  "cachedAPR": 72.18,
  "currentRatio": 1.0209681833223156
}