{
  "timestamp": 1645034848957,
  "totalSupply": 12531605.642764604,
  "moreBalance": 13559646.98448395,
  "cachedAPR": 10.88,
  "currentRatio": 1.082035883591095
}