{
  "timestamp": 1645034848957,
  "totalSupply": 13574278.5091544,
  "moreBalance": 14774073.818779277,
  "cachedAPR": 9.99,
  "currentRatio": 1.0883874092325234
}