{
  "timestamp": 1645034848957,
  "totalSupply": 2752274.9895537314,
  "moreBalance": 2815187.6189296204,
  "cachedAPR": 63.88,
  "currentRatio": 1.0228584097209306
}