{
  "timestamp": 1645034848957,
  "totalSupply": 15189919.096358715,
  "moreBalance": 16830688.11552595,
  "cachedAPR": 8.77,
  "currentRatio": 1.108016968935704
}