{
  "timestamp": 1645034848957,
  "totalSupply": 9442451.22320821,
  "moreBalance": 9984014.724778717,
  "cachedAPR": 18.2,
  "currentRatio": 1.0573541222261675
}