{
  "timestamp": 1645034848957,
  "totalSupply": 15324980.098750243,
  "moreBalance": 17012265.724693604,
  "cachedAPR": 7.14,
  "currentRatio": 1.1101003469545099
}