{
  "timestamp": 1645034848957,
  "totalSupply": 8639235.87045434,
  "moreBalance": 9115864.321145946,
  "cachedAPR": 23.82,
  "currentRatio": 1.0551702092452004
}