{
  "timestamp": 1645034848957,
  "totalSupply": 6748834.868102437,
  "moreBalance": 7095635.618222052,
  "cachedAPR": 25.11,
  "currentRatio": 1.0513867588846673
}