{
  "timestamp": 1645034848957,
  "totalSupply": 6055175.198539529,
  "moreBalance": 6346946.487109119,
  "cachedAPR": 28.07,
  "currentRatio": 1.0481854412139824
}