{
  "timestamp": 1645034848957,
  "totalSupply": 15477268.280198796,
  "moreBalance": 17181320.887756716,
  "cachedAPR": 7.07,
  "currentRatio": 1.11010034695451
}