{
  "timestamp": 1645034848957,
  "totalSupply": 15332609.312959248,
  "moreBalance": 17000859.72384453,
  "cachedAPR": 8.68,
  "currentRatio": 1.1088040774296166
}