{
  "timestamp": 1645034848957,
  "totalSupply": 15425417.642449668,
  "moreBalance": 16981868.657185964,
  "cachedAPR": 8.69,
  "currentRatio": 1.1009017098151723
}