{
  "timestamp": 1645034848957,
  "totalSupply": 10352485.514677078,
  "moreBalance": 11066229.46408671,
  "cachedAPR": 13.34,
  "currentRatio": 1.0689442113584928
}