{
  "timestamp": 1645034848957,
  "totalSupply": 13609333.953959212,
  "moreBalance": 14812227.72352988,
  "cachedAPR": 9.96,
  "currentRatio": 1.0883874092325234
}