{
  "timestamp": 1645034848957,
  "totalSupply": 13710492.449978827,
  "moreBalance": 14978233.414861055,
  "cachedAPR": 9.85,
  "currentRatio": 1.0924650204584143
}