{
  "timestamp": 1645034848957,
  "totalSupply": 4352968.995554823,
  "moreBalance": 4552822.16262534,
  "cachedAPR": 39.5,
  "currentRatio": 1.0459119206395917
}