{
  "timestamp": 1645034848957,
  "totalSupply": 7579944.321397127,
  "moreBalance": 7980349.28328109,
  "cachedAPR": 27.21,
  "currentRatio": 1.0528242616180803
}