{
  "timestamp": 1645034848957,
  "totalSupply": 8913052.252648056,
  "moreBalance": 9437157.044495404,
  "cachedAPR": 18.87,
  "currentRatio": 1.0588019431493445
}