{
  "timestamp": 1645034848957,
  "totalSupply": 2594167.129743954,
  "moreBalance": 2662664.6791403275,
  "cachedAPR": 67.54,
  "currentRatio": 1.0264044473507512
}