{
  "timestamp": 1645034848957,
  "totalSupply": 13032377.993218778,
  "moreBalance": 14142680.229218928,
  "cachedAPR": 10.44,
  "currentRatio": 1.085195674694049
}