{
  "timestamp": 1645034848957,
  "totalSupply": 7410680.241137152,
  "moreBalance": 7798843.800315497,
  "cachedAPR": 27.84,
  "currentRatio": 1.0523789377692516
}