{
  "timestamp": 1645034848957,
  "totalSupply": 6710869.828771179,
  "moreBalance": 7055719.678568632,
  "cachedAPR": 25.25,
  "currentRatio": 1.0513867588846675
}