{
  "timestamp": 1645034848957,
  "totalSupply": 4180398.6501814276,
  "moreBalance": 4378995.138986185,
  "cachedAPR": 44.38,
  "currentRatio": 1.0475065909793408
}