{
  "timestamp": 1645034848957,
  "totalSupply": 11434792.453707887,
  "moreBalance": 12295198.834763248,
  "cachedAPR": 12,
  "currentRatio": 1.0752445997195483
}