{
  "timestamp": 1645034848957,
  "totalSupply": 8639260.165048704,
  "moreBalance": 9115889.956078164,
  "cachedAPR": 23.82,
  "currentRatio": 1.0551702092452002
}