{
  "timestamp": 1645034848957,
  "totalSupply": 9357232.159031905,
  "moreBalance": 9900434.24786786,
  "cachedAPR": 18.35,
  "currentRatio": 1.0580515776037083
}