{
  "timestamp": 1645034848957,
  "totalSupply": 8636882.943147998,
  "moreBalance": 9106715.582347777,
  "cachedAPR": 23.85,
  "currentRatio": 1.0543984030225297
}