{
  "timestamp": 1645034848957,
  "totalSupply": 16682209.274751525,
  "moreBalance": 18518926.303869415,
  "cachedAPR": 6.56,
  "currentRatio": 1.11010034695451
}