{
  "timestamp": 1644768948261,
  "totalSupply": 1746533.7907462968,
  "moreBalance": 1763999.1286537596,
  "cachedAPR": 19.5080477478,
  "currentRatio": 1.01
}