{
  "timestamp": 1645034848957,
  "totalSupply": 8646995.613061348,
  "moreBalance": 9124052.170376273,
  "cachedAPR": 23.8,
  "currentRatio": 1.0551702092452004
}