{
  "timestamp": 1645034848957,
  "totalSupply": 6218251.222211177,
  "moreBalance": 6524692.468836951,
  "cachedAPR": 27.3,
  "currentRatio": 1.049280936982923
}