{
  "timestamp": 1645034848957,
  "totalSupply": 13150141.447817765,
  "moreBalance": 14270476.620786779,
  "cachedAPR": 10.34,
  "currentRatio": 1.085195674694049
}