{
  "timestamp": 1645034848957,
  "totalSupply": 13659898.993496202,
  "moreBalance": 14904103.777426172,
  "cachedAPR": 9.9,
  "currentRatio": 1.0910844790669656
}