{
  "timestamp": 1645034848957,
  "totalSupply": 9412829.098944424,
  "moreBalance": 9952693.649579307,
  "cachedAPR": 18.26,
  "currentRatio": 1.0573541222261673
}