{
  "timestamp": 1645034848957,
  "totalSupply": 15156667.895511435,
  "moreBalance": 16793845.220749673,
  "cachedAPR": 8.79,
  "currentRatio": 1.1080169689357038
}