{
  "timestamp": 1645034848957,
  "totalSupply": 8044230.944126565,
  "moreBalance": 8469161.504035363,
  "cachedAPR": 25.64,
  "currentRatio": 1.0528242616180803
}