{
  "timestamp": 1645034848957,
  "totalSupply": 13142622.4090813,
  "moreBalance": 14262316.99247211,
  "cachedAPR": 10.35,
  "currentRatio": 1.085195674694049
}