{
  "timestamp": 1645034848957,
  "totalSupply": 13323935.983497052,
  "moreBalance": 14459077.699191399,
  "cachedAPR": 10.21,
  "currentRatio": 1.085195674694049
}