{
  "timestamp": 1645034848957,
  "totalSupply": 2298607.64655669,
  "moreBalance": 2335161.3424107325,
  "cachedAPR": 77.52,
  "currentRatio": 1.015902538177318
}