{
  "timestamp": 1645034848957,
  "totalSupply": 1937439.3976837902,
  "moreBalance": 1963595.120166126,
  "cachedAPR": 88.79,
  "currentRatio": 1.0135001499988103
}