{
  "timestamp": 1645034848957,
  "totalSupply": 2930661.2744107204,
  "moreBalance": 3011799.389954829,
  "cachedAPR": 59.71,
  "currentRatio": 1.027685941139828
}