{
  "timestamp": 1645034848957,
  "totalSupply": 11121404.587508993,
  "moreBalance": 11938592.084355326,
  "cachedAPR": 12.36,
  "currentRatio": 1.0734788030069653
}