{
  "timestamp": 1645034848957,
  "totalSupply": 3355574.869015909,
  "moreBalance": 3475033.8194793393,
  "cachedAPR": 51.75,
  "currentRatio": 1.0356001445732796
}