{
  "timestamp": 1645034848957,
  "totalSupply": 4616428.725301814,
  "moreBalance": 4835739.516540007,
  "cachedAPR": 40.19,
  "currentRatio": 1.0475065909793406
}