{
  "timestamp": 1645034848957,
  "totalSupply": 15221095.756279975,
  "moreBalance": 16896943.680074222,
  "cachedAPR": 7.19,
  "currentRatio": 1.11010034695451
}