{
  "timestamp": 1645034848957,
  "totalSupply": 9532168.224246576,
  "moreBalance": 10068721.362241687,
  "cachedAPR": 21.57,
  "currentRatio": 1.056288676969664
}