{
  "timestamp": 1645034848957,
  "totalSupply": 4047871.7405607495,
  "moreBalance": 4224921.030974914,
  "cachedAPR": 42.57,
  "currentRatio": 1.0437388587785734
}