{
  "timestamp": 1645034848957,
  "totalSupply": 3841036.0986509565,
  "moreBalance": 4263935.505777225,
  "cachedAPR": 110.61,
  "currentRatio": 1.11010034695451
}