{
  "timestamp": 1645034848957,
  "totalSupply": 15439618.233368564,
  "moreBalance": 16997502.112008963,
  "cachedAPR": 8.68,
  "currentRatio": 1.1009017098151723
}