{
  "timestamp": 1645034848957,
  "totalSupply": 11345840.360581325,
  "moreBalance": 12186316.94790597,
  "cachedAPR": 12.11,
  "currentRatio": 1.0740779493288748
}