{
  "timestamp": 1645034848957,
  "totalSupply": 8103845.298508619,
  "moreBalance": 8535240.567478387,
  "cachedAPR": 25.44,
  "currentRatio": 1.0532334037829127
}