{
  "timestamp": 1645034848957,
  "totalSupply": 13269714.003268464,
  "moreBalance": 14496698.38005799,
  "cachedAPR": 10.18,
  "currentRatio": 1.0924650204584145
}