{
  "timestamp": 1645034848957,
  "totalSupply": 15295875.811665414,
  "moreBalance": 16979957.045502875,
  "cachedAPR": 7.16,
  "currentRatio": 1.11010034695451
}