{
  "timestamp": 1645034848957,
  "totalSupply": 14173568.898356216,
  "moreBalance": 15496242.678073762,
  "cachedAPR": 9.52,
  "currentRatio": 1.093319741076007
}