{
  "timestamp": 1645034848957,
  "totalSupply": 2379721.6411807784,
  "moreBalance": 2429620.0808091387,
  "cachedAPR": 74.26,
  "currentRatio": 1.0209681833223156
}