{
  "timestamp": 1645034848957,
  "totalSupply": 13715417.339222392,
  "moreBalance": 14983613.684089283,
  "cachedAPR": 9.85,
  "currentRatio": 1.0924650204584145
}