{
  "timestamp": 1645034848957,
  "totalSupply": 4337662.47112465,
  "moreBalance": 4530763.300202492,
  "cachedAPR": 39.69,
  "currentRatio": 1.0445172556332571
}