{
  "timestamp": 1645034848957,
  "totalSupply": 13358116.125488691,
  "moreBalance": 14496169.841441156,
  "cachedAPR": 10.18,
  "currentRatio": 1.085195674694049
}