{
  "timestamp": 1645034848957,
  "totalSupply": 13614540.905524235,
  "moreBalance": 14854614.271639805,
  "cachedAPR": 9.94,
  "currentRatio": 1.0910844790669656
}