{
  "timestamp": 1645034848957,
  "totalSupply": 9799958.299007313,
  "moreBalance": 10434291.735298915,
  "cachedAPR": 14.44,
  "currentRatio": 1.0647281770939634
}