{
  "timestamp": 1645034848957,
  "totalSupply": 15533227.089259516,
  "moreBalance": 17120662.420201704,
  "cachedAPR": 8.62,
  "currentRatio": 1.1021961065669235
}