{
  "timestamp": 1645034848957,
  "totalSupply": 15261941.871502636,
  "moreBalance": 16942286.966754638,
  "cachedAPR": 7.17,
  "currentRatio": 1.1101003469545099
}