{
  "timestamp": 1645034848957,
  "totalSupply": 4978955.887780514,
  "moreBalance": 5204216.599743878,
  "cachedAPR": 34.56,
  "currentRatio": 1.0452425602958655
}