{
  "timestamp": 1645034848957,
  "totalSupply": 15187239.646665497,
  "moreBalance": 16859360.001044657,
  "cachedAPR": 7.21,
  "currentRatio": 1.1101003469545099
}