{
  "timestamp": 1645034848957,
  "totalSupply": 2613636.7609524475,
  "moreBalance": 2670047.340895985,
  "cachedAPR": 67.36,
  "currentRatio": 1.0215831751321789
}