{
  "timestamp": 1645034848957,
  "totalSupply": 15352893.319946775,
  "moreBalance": 17023350.71349891,
  "cachedAPR": 8.67,
  "currentRatio": 1.1088040774296166
}