{
  "timestamp": 1645034848957,
  "totalSupply": 13663526.208742622,
  "moreBalance": 14908061.375683775,
  "cachedAPR": 9.9,
  "currentRatio": 1.0910844790669656
}