{
  "timestamp": 1645034848957,
  "totalSupply": 11514083.017296394,
  "moreBalance": 12433861.040558543,
  "cachedAPR": 11.87,
  "currentRatio": 1.079882872294777
}