{
  "timestamp": 1645034848957,
  "totalSupply": 9801108.82662639,
  "moreBalance": 10435516.734473472,
  "cachedAPR": 14.44,
  "currentRatio": 1.0647281770939636
}