{
  "timestamp": 1645034848957,
  "totalSupply": 8861833.395829424,
  "moreBalance": 9376276.804918548,
  "cachedAPR": 19.19,
  "currentRatio": 1.058051577603708
}