{
  "timestamp": 1645034848957,
  "totalSupply": 9173621.017628709,
  "moreBalance": 9716473.549087042,
  "cachedAPR": 18.33,
  "currentRatio": 1.059175382372473
}