{
  "timestamp": 1645034848957,
  "totalSupply": 15284266.536780644,
  "moreBalance": 16783903.03078898,
  "cachedAPR": 8.79,
  "currentRatio": 1.098116353205406
}