{
  "timestamp": 1645034848957,
  "totalSupply": 8646804.039323932,
  "moreBalance": 9127183.02817246,
  "cachedAPR": 23.79,
  "currentRatio": 1.055555669662902
}