{
  "timestamp": 1645034848957,
  "totalSupply": 2935294.48055638,
  "moreBalance": 3005795.799589187,
  "cachedAPR": 59.83,
  "currentRatio": 1.0240184824724787
}