{
  "timestamp": 1645034848957,
  "totalSupply": 12997707.81123264,
  "moreBalance": 14105056.297686715,
  "cachedAPR": 10.46,
  "currentRatio": 1.085195674694049
}