{
  "timestamp": 1645034848957,
  "totalSupply": 9622482.803780532,
  "moreBalance": 10181083.111004543,
  "cachedAPR": 17.67,
  "currentRatio": 1.058051577603708
}