{
  "timestamp": 1645034848957,
  "totalSupply": 8697141.510430833,
  "moreBalance": 9221268.663477534,
  "cachedAPR": 16.54,
  "currentRatio": 1.0602643009106032
}