{
  "timestamp": 1645034848957,
  "totalSupply": 2963396.9027690697,
  "moreBalance": 3058890.1959172403,
  "cachedAPR": 58.79,
  "currentRatio": 1.0322242670426427
}