{
  "timestamp": 1645034848957,
  "totalSupply": 13173363.489439756,
  "moreBalance": 14623755.380184948,
  "cachedAPR": 8.31,
  "currentRatio": 1.11010034695451
}