{
  "timestamp": 1645034848957,
  "totalSupply": 15524536.838239413,
  "moreBalance": 17111084.059362255,
  "cachedAPR": 8.63,
  "currentRatio": 1.1021961065669232
}