{
  "timestamp": 1645034848957,
  "totalSupply": 15221507.887372995,
  "moreBalance": 16897401.186943572,
  "cachedAPR": 7.19,
  "currentRatio": 1.11010034695451
}