{
  "timestamp": 1645034848957,
  "totalSupply": 13591861.505985107,
  "moreBalance": 14793210.931146394,
  "cachedAPR": 9.98,
  "currentRatio": 1.0883874092325234
}