{
  "timestamp": 1645034848957,
  "totalSupply": 5760429.739462321,
  "moreBalance": 6037998.588040458,
  "cachedAPR": 29.51,
  "currentRatio": 1.0481854412139824
}