{
  "timestamp": 1645034848957,
  "totalSupply": 14441711.052642113,
  "moreBalance": 15858679.07517356,
  "cachedAPR": 9.31,
  "currentRatio": 1.098116353205406
}