{
  "timestamp": 1645034848957,
  "totalSupply": 6212427.448033496,
  "moreBalance": 6521910.688626558,
  "cachedAPR": 27.32,
  "currentRatio": 1.0498167975693666
}