{
  "timestamp": 1645034848957,
  "totalSupply": 9108461.822221205,
  "moreBalance": 9678102.895634163,
  "cachedAPR": 15.57,
  "currentRatio": 1.0625397662669287
}