{
  "timestamp": 1645034848957,
  "totalSupply": 5771121.613528453,
  "moreBalance": 6049205.654775871,
  "cachedAPR": 29.45,
  "currentRatio": 1.0481854412139824
}