{
  "timestamp": 1645034848957,
  "totalSupply": 4981899.65540872,
  "moreBalance": 5210628.237022255,
  "cachedAPR": 34.51,
  "currentRatio": 1.045911920639592
}