{
  "timestamp": 1645034848957,
  "totalSupply": 15538653.007049268,
  "moreBalance": 17168644.78077226,
  "cachedAPR": 8.6,
  "currentRatio": 1.1048991680928542
}