{
  "timestamp": 1645034848957,
  "totalSupply": 7631452.451981969,
  "moreBalance": 8034578.292831403,
  "cachedAPR": 27.03,
  "currentRatio": 1.05282426161808
}