{
  "timestamp": 1645034848957,
  "totalSupply": 11022139.443214986,
  "moreBalance": 11815539.297345905,
  "cachedAPR": 12.49,
  "currentRatio": 1.071982382206144
}