{
  "timestamp": 1645034848957,
  "totalSupply": 1860351.009099316,
  "moreBalance": 1882326.1037401333,
  "cachedAPR": 20.375780032734966,
  "currentRatio": 1.0118123378509394
}