{
  "timestamp": 1645034848957,
  "totalSupply": 12544742.245922877,
  "moreBalance": 13600514.95366081,
  "cachedAPR": 10.85,
  "currentRatio": 1.0841605739712243
}