{
  "timestamp": 1645034848957,
  "totalSupply": 11468471.085173264,
  "moreBalance": 12331411.601372339,
  "cachedAPR": 11.97,
  "currentRatio": 1.075244599719548
}