{
  "timestamp": 1645034848957,
  "totalSupply": 16536294.537144443,
  "moreBalance": 18356946.303026013,
  "cachedAPR": 6.62,
  "currentRatio": 1.1101003469545099
}