{
  "timestamp": 1645034848957,
  "totalSupply": 8101754.443905641,
  "moreBalance": 8533038.409568077,
  "cachedAPR": 25.45,
  "currentRatio": 1.0532334037829125
}