{
  "timestamp": 1645034848957,
  "totalSupply": 13480606.387504809,
  "moreBalance": 14664098.783401428,
  "cachedAPR": 10.06,
  "currentRatio": 1.0877922225363392
}