{
  "timestamp": 1645034848957,
  "totalSupply": 15370244.337111227,
  "moreBalance": 16878316.65934462,
  "cachedAPR": 8.74,
  "currentRatio": 1.098116353205406
}