{
  "timestamp": 1645034848957,
  "totalSupply": 8952677.634196902,
  "moreBalance": 9505917.137974221,
  "cachedAPR": 15.85,
  "currentRatio": 1.0617959817590312
}