{
  "timestamp": 1645034848957,
  "totalSupply": 3924811.143986653,
  "moreBalance": 4083335.63209599,
  "cachedAPR": 44.04,
  "currentRatio": 1.0403903480431709
}