{
  "timestamp": 1645034848957,
  "totalSupply": 15471353.642662292,
  "moreBalance": 17154700.0023395,
  "cachedAPR": 8.6,
  "currentRatio": 1.1088040774296166
}