{
  "timestamp": 1645034848957,
  "totalSupply": 3640857.0042827344,
  "moreBalance": 3784813.4082125113,
  "cachedAPR": 47.52,
  "currentRatio": 1.0395391534906318
}