{
  "timestamp": 1645034848957,
  "totalSupply": 13240099.118200395,
  "moreBalance": 14368098.295591561,
  "cachedAPR": 10.27,
  "currentRatio": 1.085195674694049
}