{
  "timestamp": 1644768948261,
  "totalSupply": 1619114.3456594541,
  "moreBalance": 1635305.4891160487,
  "cachedAPR": 19.5080477478,
  "currentRatio": 1.01
}