{
  "timestamp": 1645034848957,
  "totalSupply": 11001443.051851545,
  "moreBalance": 11759928.86686682,
  "cachedAPR": 12.55,
  "currentRatio": 1.0689442113584928
}