{
  "timestamp": 1645034848957,
  "totalSupply": 12860924.970616514,
  "moreBalance": 13943307.797944449,
  "cachedAPR": 10.58,
  "currentRatio": 1.0841605739712241
}