{
  "timestamp": 1645034848957,
  "totalSupply": 3665147.0591173843,
  "moreBalance": 3810063.8712535645,
  "cachedAPR": 47.2,
  "currentRatio": 1.039539153490632
}