{
  "timestamp": 1645034848957,
  "totalSupply": 13338872.719071006,
  "moreBalance": 14475286.980030304,
  "cachedAPR": 10.2,
  "currentRatio": 1.085195674694049
}