{
  "timestamp": 1645034848957,
  "totalSupply": 2855530.4677090063,
  "moreBalance": 2950883.5962917167,
  "cachedAPR": 60.95,
  "currentRatio": 1.033392439569805
}