{
  "timestamp": 1645034848957,
  "totalSupply": 15332661.515536496,
  "moreBalance": 17000917.606275033,
  "cachedAPR": 8.68,
  "currentRatio": 1.1088040774296166
}