{
  "timestamp": 1645034848957,
  "totalSupply": 15186338.827201074,
  "moreBalance": 16858360.001044657,
  "cachedAPR": 7.21,
  "currentRatio": 1.1101003469545099
}