{
  "timestamp": 1645034848957,
  "totalSupply": 2252326.9878285723,
  "moreBalance": 2296501.358868032,
  "cachedAPR": 78.57,
  "currentRatio": 1.019612769938901
}