{
  "timestamp": 1645034848957,
  "totalSupply": 13390937.5208128,
  "moreBalance": 14640576.343020035,
  "cachedAPR": 10.08,
  "currentRatio": 1.0933197410760067
}