{
  "timestamp": 1645034848957,
  "totalSupply": 11617595.497556696,
  "moreBalance": 12545642.395060392,
  "cachedAPR": 11.76,
  "currentRatio": 1.0798828722947769
}