{
  "timestamp": 1645034848957,
  "totalSupply": 10356156.957981864,
  "moreBalance": 11070154.032154692,
  "cachedAPR": 13.33,
  "currentRatio": 1.0689442113584928
}