{
  "timestamp": 1645034848957,
  "totalSupply": 2676191.4087609528,
  "moreBalance": 2743472.205889455,
  "cachedAPR": 65.55,
  "currentRatio": 1.0251405026218408
}