{
  "timestamp": 1645034848957,
  "totalSupply": 7489629.05657488,
  "moreBalance": 7885263.181281767,
  "cachedAPR": 27.54,
  "currentRatio": 1.0528242616180803
}