{
  "timestamp": 1645034848957,
  "totalSupply": 13240141.447817765,
  "moreBalance": 14368144.231509242,
  "cachedAPR": 10.27,
  "currentRatio": 1.085195674694049
}