{
  "timestamp": 1645034848957,
  "totalSupply": 13432527.029694641,
  "moreBalance": 14576920.232835526,
  "cachedAPR": 10.12,
  "currentRatio": 1.085195674694049
}