{
  "timestamp": 1645034848957,
  "totalSupply": 13431822.493152814,
  "moreBalance": 14576155.67282767,
  "cachedAPR": 10.13,
  "currentRatio": 1.085195674694049
}