{
  "timestamp": 1645034848957,
  "totalSupply": 3483473.855641783,
  "moreBalance": 3607486.0285198707,
  "cachedAPR": 49.85,
  "currentRatio": 1.0356001445732796
}