{
  "timestamp": 1645034848957,
  "totalSupply": 2717037.867282375,
  "moreBalance": 2804592.421082655,
  "cachedAPR": 64.12,
  "currentRatio": 1.0322242670426427
}