{
  "timestamp": 1645034848957,
  "totalSupply": 11751871.739292758,
  "moreBalance": 12663408.477595173,
  "cachedAPR": 11.65,
  "currentRatio": 1.0775652388423083
}