{
  "timestamp": 1645034848957,
  "totalSupply": 13361709.654917823,
  "moreBalance": 14500069.524034536,
  "cachedAPR": 10.18,
  "currentRatio": 1.085195674694049
}