{
  "timestamp": 1645034848957,
  "totalSupply": 14191773.509766517,
  "moreBalance": 15516146.13910726,
  "cachedAPR": 9.51,
  "currentRatio": 1.0933197410760067
}