{
  "timestamp": 1645034848957,
  "totalSupply": 6710688.156602149,
  "moreBalance": 7055528.670855656,
  "cachedAPR": 25.25,
  "currentRatio": 1.0513867588846673
}