{
  "timestamp": 1645034848957,
  "totalSupply": 15551477.192537278,
  "moreBalance": 17182814.21264943,
  "cachedAPR": 8.59,
  "currentRatio": 1.104899168092854
}