{
  "timestamp": 1645034848957,
  "totalSupply": 14871658.313672688,
  "moreBalance": 16464998.118845535,
  "cachedAPR": 8.96,
  "currentRatio": 1.1071393500016045
}