{
  "timestamp": 1645034848957,
  "totalSupply": 13432502.66790366,
  "moreBalance": 14576893.795525324,
  "cachedAPR": 10.12,
  "currentRatio": 1.0851956746940488
}