{
  "timestamp": 1645034848957,
  "totalSupply": 4909772.185260027,
  "moreBalance": 5146351.724266919,
  "cachedAPR": 34.62,
  "currentRatio": 1.0481854412139824
}