{
  "timestamp": 1645034848957,
  "totalSupply": 3032032.5107607762,
  "moreBalance": 3126421.7422483535,
  "cachedAPR": 57.52,
  "currentRatio": 1.031130679223454
}