{
  "timestamp": 1645034848957,
  "totalSupply": 13437090.924219266,
  "moreBalance": 14597007.448588498,
  "cachedAPR": 10.11,
  "currentRatio": 1.0863219971428917
}