{
  "timestamp": 1645034848957,
  "totalSupply": 15467001.337516127,
  "moreBalance": 17027648.218185063,
  "cachedAPR": 8.67,
  "currentRatio": 1.1009017098151725
}