{
  "timestamp": 1645034848957,
  "totalSupply": 13722623.762194257,
  "moreBalance": 14991486.449108673,
  "cachedAPR": 9.84,
  "currentRatio": 1.0924650204584145
}