{
  "timestamp": 1645034848957,
  "totalSupply": 11359075.592369866,
  "moreBalance": 12200532.6185243,
  "cachedAPR": 12.1,
  "currentRatio": 1.0740779493288748
}