{
  "timestamp": 1645034848957,
  "totalSupply": 12974277.755769905,
  "moreBalance": 14079630.102840712,
  "cachedAPR": 10.48,
  "currentRatio": 1.085195674694049
}