{
  "timestamp": 1645034848957,
  "totalSupply": 12567088.036341127,
  "moreBalance": 13611375.242276374,
  "cachedAPR": 10.84,
  "currentRatio": 1.0830969913567414
}