{
  "timestamp": 1645034848957,
  "totalSupply": 3981677.7033615457,
  "moreBalance": 4420061.799962688,
  "cachedAPR": 106.7,
  "currentRatio": 1.1101003469545099
}