{
  "timestamp": 1645034848957,
  "totalSupply": 7548407.009346824,
  "moreBalance": 8379489.240029765,
  "cachedAPR": 14.51,
  "currentRatio": 1.11010034695451
}