{
  "timestamp": 1645034848957,
  "totalSupply": 10498738.42715777,
  "moreBalance": 11192117.308740966,
  "cachedAPR": 13.19,
  "currentRatio": 1.0660440191356313
}