{
  "timestamp": 1645034848957,
  "totalSupply": 11512440.007680302,
  "moreBalance": 12418754.782615108,
  "cachedAPR": 11.88,
  "currentRatio": 1.0787248206574953
}