{
  "timestamp": 1645034848957,
  "totalSupply": 12951876.083460426,
  "moreBalance": 14055319.904944554,
  "cachedAPR": 10.5,
  "currentRatio": 1.085195674694049
}