{
  "timestamp": 1645034848957,
  "totalSupply": 3338114.7122334987,
  "moreBalance": 3463487.9336282643,
  "cachedAPR": 51.93,
  "currentRatio": 1.0375580925770163
}