{
  "timestamp": 1645034848957,
  "totalSupply": 3478823.3025097214,
  "moreBalance": 3602669.915023962,
  "cachedAPR": 49.92,
  "currentRatio": 1.0356001445732799
}