{
  "timestamp": 1645034848957,
  "totalSupply": 7491421.740371033,
  "moreBalance": 7887150.562275765,
  "cachedAPR": 27.53,
  "currentRatio": 1.05282426161808
}