{
  "timestamp": 1645034848957,
  "totalSupply": 3819370.508086967,
  "moreBalance": 4239884.526175165,
  "cachedAPR": 111.24,
  "currentRatio": 1.1101003469545099
}