{
  "timestamp": 1645034848957,
  "totalSupply": 15431189.28438107,
  "moreBalance": 16988222.667656686,
  "cachedAPR": 8.69,
  "currentRatio": 1.1009017098151723
}