{
  "timestamp": 1645034848957,
  "totalSupply": 2166213.3494002162,
  "moreBalance": 2200661.639889269,
  "cachedAPR": 82.26,
  "currentRatio": 1.0159025381773181
}