{
  "timestamp": 1645034848957,
  "totalSupply": 4357487.297256242,
  "moreBalance": 4557547.908235899,
  "cachedAPR": 39.46,
  "currentRatio": 1.0459119206395917
}