{
  "timestamp": 1645034848957,
  "totalSupply": 12384514.677465312,
  "moreBalance": 13400489.281878063,
  "cachedAPR": 11.01,
  "currentRatio": 1.082035883591095
}