{
  "timestamp": 1645034848957,
  "totalSupply": 10214538.171019116,
  "moreBalance": 10882568.105297348,
  "cachedAPR": 13.85,
  "currentRatio": 1.065399915600059
}