{
  "timestamp": 1645034848957,
  "totalSupply": 6020037.675345687,
  "moreBalance": 6682845.912080469,
  "cachedAPR": 18.19,
  "currentRatio": 1.1101003469545099
}