{
  "timestamp": 1645034848957,
  "totalSupply": 11125829.795225041,
  "moreBalance": 11943342.451037407,
  "cachedAPR": 12.36,
  "currentRatio": 1.0734788030069653
}