{
  "timestamp": 1645034848957,
  "totalSupply": 9349703.189328842,
  "moreBalance": 9885947.208827995,
  "cachedAPR": 18.38,
  "currentRatio": 1.0573541222261673
}