{
  "timestamp": 1645034848957,
  "totalSupply": 4334305.179358371,
  "moreBalance": 4527256.551020417,
  "cachedAPR": 39.72,
  "currentRatio": 1.0445172556332571
}