{
  "timestamp": 1645034848957,
  "totalSupply": 5978974.73489981,
  "moreBalance": 6267074.270508209,
  "cachedAPR": 28.43,
  "currentRatio": 1.0481854412139822
}