{
  "timestamp": 1645034848957,
  "totalSupply": 3362070.3458312964,
  "moreBalance": 3491681.8081080397,
  "cachedAPR": 51.51,
  "currentRatio": 1.038551085772923
}