{
  "timestamp": 1645034848957,
  "totalSupply": 14970698.4592563,
  "moreBalance": 16587787.92967558,
  "cachedAPR": 8.9,
  "currentRatio": 1.108016968935704
}