{
  "timestamp": 1645034848957,
  "totalSupply": 14751467.973794762,
  "moreBalance": 16198828.21580984,
  "cachedAPR": 9.11,
  "currentRatio": 1.098116353205406
}