{
  "timestamp": 1645034848957,
  "totalSupply": 3923515.446589068,
  "moreBalance": 4081987.6010295576,
  "cachedAPR": 44.06,
  "currentRatio": 1.0403903480431709
}