{
  "timestamp": 1645034848957,
  "totalSupply": 3973971.451514651,
  "moreBalance": 4144491.3853252097,
  "cachedAPR": 43.39,
  "currentRatio": 1.042909199497537
}