{
  "timestamp": 1645034848957,
  "totalSupply": 15306062.055737853,
  "moreBalance": 16991264.79858185,
  "cachedAPR": 7.15,
  "currentRatio": 1.1101003469545099
}