{
  "timestamp": 1645034848957,
  "totalSupply": 12897452.197783042,
  "moreBalance": 13996259.339607414,
  "cachedAPR": 10.54,
  "currentRatio": 1.085195674694049
}