{
  "timestamp": 1645034848957,
  "totalSupply": 2989965.7514536525,
  "moreBalance": 3093141.0021248553,
  "cachedAPR": 58.14,
  "currentRatio": 1.0345071680573736
}