{
  "timestamp": 1645034848957,
  "totalSupply": 13159480.188439552,
  "moreBalance": 14280610.98171663,
  "cachedAPR": 10.33,
  "currentRatio": 1.085195674694049
}