{
  "timestamp": 1645034848957,
  "totalSupply": 15090945.562513852,
  "moreBalance": 16721023.76055031,
  "cachedAPR": 8.83,
  "currentRatio": 1.108016968935704
}