{
  "timestamp": 1645034848957,
  "totalSupply": 3036577.4579565655,
  "moreBalance": 3131108.176737382,
  "cachedAPR": 57.44,
  "currentRatio": 1.0311306792234538
}