{
  "timestamp": 1645034848957,
  "totalSupply": 6712002.259679239,
  "moreBalance": 7056910.301430719,
  "cachedAPR": 25.25,
  "currentRatio": 1.0513867588846675
}