{
  "timestamp": 1645034848957,
  "totalSupply": 8352950.138513605,
  "moreBalance": 9272612.846857676,
  "cachedAPR": 13.11,
  "currentRatio": 1.11010034695451
}