{
  "timestamp": 1645034848957,
  "totalSupply": 8107816.970434794,
  "moreBalance": 8539423.665019901,
  "cachedAPR": 25.43,
  "currentRatio": 1.0532334037829127
}