{
  "timestamp": 1645034848957,
  "totalSupply": 15305161.236273428,
  "moreBalance": 16990264.79858185,
  "cachedAPR": 7.15,
  "currentRatio": 1.1101003469545099
}