{
  "timestamp": 1645034848957,
  "totalSupply": 10521479.226181885,
  "moreBalance": 11226359.310824012,
  "cachedAPR": 13.15,
  "currentRatio": 1.0669943901887948
}