{
  "timestamp": 1644768948261,
  "totalSupply": 1591309.5083548606,
  "moreBalance": 1607222.6034384093,
  "cachedAPR": 19.5080477478,
  "currentRatio": 1.01
}