{
  "timestamp": 1645034848957,
  "totalSupply": 13480356.193436705,
  "moreBalance": 14671849.952906176,
  "cachedAPR": 10.06,
  "currentRatio": 1.0883874092325234
}