{
  "timestamp": 1645034848957,
  "totalSupply": 16548209.809706025,
  "moreBalance": 18370173.451230686,
  "cachedAPR": 6.62,
  "currentRatio": 1.11010034695451
}