{
  "timestamp": 1645034848957,
  "totalSupply": 12501778.268786376,
  "moreBalance": 13540638.429531617,
  "cachedAPR": 10.9,
  "currentRatio": 1.0830969913567416
}