{
  "timestamp": 1645034848957,
  "totalSupply": 13351854.8432365,
  "moreBalance": 14489375.125023039,
  "cachedAPR": 10.19,
  "currentRatio": 1.085195674694049
}