{
  "timestamp": 1645034848957,
  "totalSupply": 13098474.34678115,
  "moreBalance": 14214407.70621786,
  "cachedAPR": 10.38,
  "currentRatio": 1.085195674694049
}