{
  "timestamp": 1645034848957,
  "totalSupply": 2596347.0555740045,
  "moreBalance": 2664902.164707186,
  "cachedAPR": 67.49,
  "currentRatio": 1.0264044473507512
}