{
  "timestamp": 1645034848957,
  "totalSupply": 4281657.623740348,
  "moreBalance": 4468932.441883329,
  "cachedAPR": 40.24,
  "currentRatio": 1.0437388587785734
}