{
  "timestamp": 1645034848957,
  "totalSupply": 6388082.865916395,
  "moreBalance": 6709781.755820563,
  "cachedAPR": 26.55,
  "currentRatio": 1.0503592230496246
}