{
  "timestamp": 1645034848957,
  "totalSupply": 7879931.650595507,
  "moreBalance": 8747514.859303897,
  "cachedAPR": 13.89,
  "currentRatio": 1.11010034695451
}