{
  "timestamp": 1645034848957,
  "totalSupply": 7422755.778329559,
  "moreBalance": 7811551.841319036,
  "cachedAPR": 27.8,
  "currentRatio": 1.0523789377692516
}