{
  "timestamp": 1645034848957,
  "totalSupply": 2854532.5830871,
  "moreBalance": 2946517.8033264233,
  "cachedAPR": 61.04,
  "currentRatio": 1.0322242670426427
}