{
  "timestamp": 1645034848957,
  "totalSupply": 11141159.21685633,
  "moreBalance": 11959798.260220954,
  "cachedAPR": 12.34,
  "currentRatio": 1.0734788030069655
}