{
  "timestamp": 1645034848957,
  "totalSupply": 10504141.61826758,
  "moreBalance": 11197877.348307827,
  "cachedAPR": 13.18,
  "currentRatio": 1.0660440191356315
}