{
  "timestamp": 1645034848957,
  "totalSupply": 9560704.79912901,
  "moreBalance": 10115718.795721792,
  "cachedAPR": 17.96,
  "currentRatio": 1.058051577603708
}