{
  "timestamp": 1645034848957,
  "totalSupply": 3974415.0763147417,
  "moreBalance": 4144954.0457103495,
  "cachedAPR": 43.39,
  "currentRatio": 1.042909199497537
}