{
  "timestamp": 1645034848957,
  "totalSupply": 8528840.641341742,
  "moreBalance": 8986193.204545181,
  "cachedAPR": 24.16,
  "currentRatio": 1.053624235981913
}