{
  "timestamp": 1645034848957,
  "totalSupply": 6084916.244309111,
  "moreBalance": 6384786.618291273,
  "cachedAPR": 27.9,
  "currentRatio": 1.049280936982923
}