{
  "timestamp": 1645034848957,
  "totalSupply": 9532868.415156998,
  "moreBalance": 10069460.965972083,
  "cachedAPR": 21.57,
  "currentRatio": 1.056288676969664
}