{
  "timestamp": 1645034848957,
  "totalSupply": 12538888.07314968,
  "moreBalance": 13567526.835480355,
  "cachedAPR": 10.88,
  "currentRatio": 1.0820358835910948
}