{
  "timestamp": 1645034848957,
  "totalSupply": 9534288.812886227,
  "moreBalance": 10074294.316010263,
  "cachedAPR": 22.02,
  "currentRatio": 1.0566382573175446
}