{
  "timestamp": 1645034848957,
  "totalSupply": 11171232.515258612,
  "moreBalance": 11992081.308592306,
  "cachedAPR": 12.31,
  "currentRatio": 1.0734788030069655
}