{
  "timestamp": 1645034848957,
  "totalSupply": 9799853.316982478,
  "moreBalance": 10434179.957978984,
  "cachedAPR": 14.44,
  "currentRatio": 1.0647281770939634
}