{
  "timestamp": 1645034848957,
  "totalSupply": 3968865.945102377,
  "moreBalance": 4151084.2034030957,
  "cachedAPR": 43.32,
  "currentRatio": 1.0459119206395917
}