{
  "timestamp": 1645034848957,
  "totalSupply": 13664146.687728409,
  "moreBalance": 14908738.370674755,
  "cachedAPR": 9.9,
  "currentRatio": 1.0910844790669656
}