{
  "timestamp": 1645034848957,
  "totalSupply": 4281877.528082297,
  "moreBalance": 4472494.964590236,
  "cachedAPR": 40.21,
  "currentRatio": 1.0445172556332571
}