{
  "timestamp": 1645034848957,
  "totalSupply": 13490854.226054061,
  "moreBalance": 14749817.249323579,
  "cachedAPR": 10.01,
  "currentRatio": 1.0933197410760067
}