{
  "timestamp": 1645034848957,
  "totalSupply": 15245674.634188518,
  "moreBalance": 16892466.197553508,
  "cachedAPR": 8.74,
  "currentRatio": 1.108016968935704
}