{
  "timestamp": 1645034848957,
  "totalSupply": 3329680.1277818154,
  "moreBalance": 3454736.562272896,
  "cachedAPR": 52.06,
  "currentRatio": 1.0375580925770163
}