{
  "timestamp": 1645034848957,
  "totalSupply": 11232090.030549552,
  "moreBalance": 12064140.22668996,
  "cachedAPR": 12.23,
  "currentRatio": 1.0740779493288748
}