{
  "timestamp": 1645034848957,
  "totalSupply": 13317678.268254483,
  "moreBalance": 14452286.853676697,
  "cachedAPR": 10.21,
  "currentRatio": 1.085195674694049
}