{
  "timestamp": 1645034848957,
  "totalSupply": 13476418.307794476,
  "moreBalance": 14654796.202897377,
  "cachedAPR": 10.07,
  "currentRatio": 1.0874399909671364
}