{
  "timestamp": 1645034848957,
  "totalSupply": 2624814.1963294554,
  "moreBalance": 2684813.274670469,
  "cachedAPR": 66.98,
  "currentRatio": 1.0228584097209306
}