{
  "timestamp": 1645034848957,
  "totalSupply": 11512312.807459721,
  "moreBalance": 12431949.42127555,
  "cachedAPR": 11.87,
  "currentRatio": 1.0798828722947769
}