{
  "timestamp": 1645034848957,
  "totalSupply": 3969750.52740767,
  "moreBalance": 4136757.580609086,
  "cachedAPR": 43.47,
  "currentRatio": 1.0420699114587624
}