{
  "timestamp": 1645034848957,
  "totalSupply": 14856269.387826242,
  "moreBalance": 16460998.576791517,
  "cachedAPR": 8.97,
  "currentRatio": 1.108016968935704
}