{
  "timestamp": 1645034848957,
  "totalSupply": 8107803.744492908,
  "moreBalance": 8539409.73501611,
  "cachedAPR": 25.43,
  "currentRatio": 1.0532334037829125
}