{
  "timestamp": 1645034848957,
  "totalSupply": 11468598.285393845,
  "moreBalance": 12331548.3727226,
  "cachedAPR": 11.97,
  "currentRatio": 1.0752445997195479
}