{
  "timestamp": 1645034848957,
  "totalSupply": 2216177.8713861434,
  "moreBalance": 2251420.7245935886,
  "cachedAPR": 80.4,
  "currentRatio": 1.015902538177318
}