{
  "timestamp": 1645034848957,
  "totalSupply": 3967411.9847293682,
  "moreBalance": 4149563.4889168288,
  "cachedAPR": 43.34,
  "currentRatio": 1.045911920639592
}