{
  "timestamp": 1645034848957,
  "totalSupply": 15297834.8011806,
  "moreBalance": 16962301.603393737,
  "cachedAPR": 8.7,
  "currentRatio": 1.1088040774296166
}