{
  "timestamp": 1645034848957,
  "totalSupply": 15265202.063252341,
  "moreBalance": 16945906.106747128,
  "cachedAPR": 7.17,
  "currentRatio": 1.11010034695451
}