{
  "timestamp": 1645034848957,
  "totalSupply": 4266860.12477828,
  "moreBalance": 4453487.717203883,
  "cachedAPR": 40.38,
  "currentRatio": 1.0437388587785734
}