{
  "timestamp": 1645034848957,
  "totalSupply": 15339540.277436145,
  "moreBalance": 17008544.80551703,
  "cachedAPR": 8.68,
  "currentRatio": 1.1088040774296166
}