{
  "timestamp": 1645034848957,
  "totalSupply": 2901071.3997345357,
  "moreBalance": 2970750.7323004683,
  "cachedAPR": 60.54,
  "currentRatio": 1.0240184824724785
}