{
  "timestamp": 1645034848957,
  "totalSupply": 11131995.25087072,
  "moreBalance": 11933302.787735878,
  "cachedAPR": 12.37,
  "currentRatio": 1.0719823822061443
}