{
  "timestamp": 1645034848957,
  "totalSupply": 13466531.112059427,
  "moreBalance": 14723224.308628803,
  "cachedAPR": 10.02,
  "currentRatio": 1.0933197410760067
}