{
  "timestamp": 1645034848957,
  "totalSupply": 2972178.6324461815,
  "moreBalance": 3043565.8528346657,
  "cachedAPR": 59.09,
  "currentRatio": 1.0240184824724787
}