{
  "timestamp": 1645034848957,
  "totalSupply": 15498831.987443294,
  "moreBalance": 17082752.272894893,
  "cachedAPR": 8.64,
  "currentRatio": 1.1021961065669235
}