{
  "timestamp": 1645034848957,
  "totalSupply": 4899671.129496994,
  "moreBalance": 5439126.62081761,
  "cachedAPR": 22.35,
  "currentRatio": 1.11010034695451
}