{
  "timestamp": 1645034848957,
  "totalSupply": 15091123.83634058,
  "moreBalance": 16721221.290975442,
  "cachedAPR": 8.83,
  "currentRatio": 1.108016968935704
}