{
  "timestamp": 1645034848957,
  "totalSupply": 9931135.442500686,
  "moreBalance": 10507653.522333952,
  "cachedAPR": 17.12,
  "currentRatio": 1.0580515776037083
}