{
  "timestamp": 1645034848957,
  "totalSupply": 10499896.568308566,
  "moreBalance": 11193351.938188087,
  "cachedAPR": 13.19,
  "currentRatio": 1.0660440191356313
}