{
  "timestamp": 1645034848957,
  "totalSupply": 8973882.843008615,
  "moreBalance": 9535107.378517177,
  "cachedAPR": 15.8,
  "currentRatio": 1.062539766266929
}