{
  "timestamp": 1645034848957,
  "totalSupply": 3361935.134327406,
  "moreBalance": 3491541.3840538654,
  "cachedAPR": 51.51,
  "currentRatio": 1.038551085772923
}