{
  "timestamp": 1645034848957,
  "totalSupply": 13609284.411502989,
  "moreBalance": 14812173.802144306,
  "cachedAPR": 9.96,
  "currentRatio": 1.0883874092325234
}