{
  "timestamp": 1645034848957,
  "totalSupply": 8864380.61847464,
  "moreBalance": 9382304.897856826,
  "cachedAPR": 19.17,
  "currentRatio": 1.0584275768013343
}