{
  "timestamp": 1645034848957,
  "totalSupply": 7410526.629186818,
  "moreBalance": 7798682.142334377,
  "cachedAPR": 27.84,
  "currentRatio": 1.0523789377692516
}