{
  "timestamp": 1645034848957,
  "totalSupply": 2853966.1050620456,
  "moreBalance": 2949266.9957596017,
  "cachedAPR": 60.98,
  "currentRatio": 1.033392439569805
}