{
  "timestamp": 1645034848957,
  "totalSupply": 8925271.901405228,
  "moreBalance": 9453428.278949171,
  "cachedAPR": 18.84,
  "currentRatio": 1.059175382372473
}