{
  "timestamp": 1645034848957,
  "totalSupply": 15383697.673694426,
  "moreBalance": 17057506.70653689,
  "cachedAPR": 8.65,
  "currentRatio": 1.1088040774296166
}