{
  "timestamp": 1645034848957,
  "totalSupply": 15214261.270107523,
  "moreBalance": 16857659.65710041,
  "cachedAPR": 8.75,
  "currentRatio": 1.1080169689357038
}