{
  "timestamp": 1645034848957,
  "totalSupply": 2650523.58997366,
  "moreBalance": 2717159.0852366434,
  "cachedAPR": 66.19,
  "currentRatio": 1.0251405026218405
}