{
  "timestamp": 1645034848957,
  "totalSupply": 11017024.874947578,
  "moreBalance": 11796729.255092306,
  "cachedAPR": 12.51,
  "currentRatio": 1.0707726803737871
}