{
  "timestamp": 1645034848957,
  "totalSupply": 15237257.225515973,
  "moreBalance": 16914884.532680396,
  "cachedAPR": 7.19,
  "currentRatio": 1.11010034695451
}