{
  "timestamp": 1645034848957,
  "totalSupply": 9102235.098476717,
  "moreBalance": 9650774.933410373,
  "cachedAPR": 15.8,
  "currentRatio": 1.0602643009106032
}