{
  "timestamp": 1645034848957,
  "totalSupply": 3941943.1275697113,
  "moreBalance": 4101159.582458638,
  "cachedAPR": 43.85,
  "currentRatio": 1.040390348043171
}