{
  "timestamp": 1645034848957,
  "totalSupply": 11489938.154746702,
  "moreBalance": 12381157.952002982,
  "cachedAPR": 11.92,
  "currentRatio": 1.0775652388423083
}