{
  "timestamp": 1645034848957,
  "totalSupply": 9535093.080587259,
  "moreBalance": 10068477.854876114,
  "cachedAPR": 21.57,
  "currentRatio": 1.0559391261082482
}