{
  "timestamp": 1645034848957,
  "totalSupply": 4983838.9392059855,
  "moreBalance": 5212656.557063319,
  "cachedAPR": 34.5,
  "currentRatio": 1.045911920639592
}