{
  "timestamp": 1645034848957,
  "totalSupply": 16517021.498351077,
  "moreBalance": 18335551.29597463,
  "cachedAPR": 6.63,
  "currentRatio": 1.11010034695451
}