{
  "timestamp": 1645034848957,
  "totalSupply": 8541593.853230411,
  "moreBalance": 8999630.297677696,
  "cachedAPR": 24.13,
  "currentRatio": 1.053624235981913
}