{
  "timestamp": 1645034848957,
  "totalSupply": 15214462.442322271,
  "moreBalance": 16857882.559328027,
  "cachedAPR": 8.75,
  "currentRatio": 1.1080169689357038
}