{
  "timestamp": 1645034848957,
  "totalSupply": 9091818.403455151,
  "moreBalance": 9667084.601348598,
  "cachedAPR": 15.59,
  "currentRatio": 1.0632729529303873
}