{
  "timestamp": 1645034848957,
  "totalSupply": 8149032.419991566,
  "moreBalance": 8579499.040479418,
  "cachedAPR": 25.31,
  "currentRatio": 1.0528242616180803
}