{
  "timestamp": 1645034848957,
  "totalSupply": 11514019.250437055,
  "moreBalance": 12433792.179819321,
  "cachedAPR": 11.87,
  "currentRatio": 1.0798828722947769
}