{
  "timestamp": 1645034848957,
  "totalSupply": 2992328.2542579207,
  "moreBalance": 3095585.028210426,
  "cachedAPR": 58.1,
  "currentRatio": 1.0345071680573736
}