{
  "timestamp": 1645034848957,
  "totalSupply": 13200873.462788073,
  "moreBalance": 14325530.78400107,
  "cachedAPR": 10.3,
  "currentRatio": 1.085195674694049
}