{
  "timestamp": 1645034848957,
  "totalSupply": 14971154.630804332,
  "moreBalance": 16588293.375491543,
  "cachedAPR": 8.9,
  "currentRatio": 1.1080169689357038
}