{
  "timestamp": 1645034848957,
  "totalSupply": 13642473.00969222,
  "moreBalance": 14885090.556965174,
  "cachedAPR": 9.92,
  "currentRatio": 1.0910844790669656
}