{
  "timestamp": 1645034848957,
  "totalSupply": 13485587.00846855,
  "moreBalance": 14664766.614675574,
  "cachedAPR": 10.06,
  "currentRatio": 1.0874399909671366
}