{
  "timestamp": 1645034848957,
  "totalSupply": 9079082.12204155,
  "moreBalance": 9653542.457800606,
  "cachedAPR": 15.61,
  "currentRatio": 1.0632729529303875
}