{
  "timestamp": 1645034848957,
  "totalSupply": 9426206.401827063,
  "moreBalance": 10036347.559128778,
  "cachedAPR": 15.01,
  "currentRatio": 1.0647281770939636
}