{
  "timestamp": 1645034848957,
  "totalSupply": 3977077.406354255,
  "moreBalance": 4147730.6142006572,
  "cachedAPR": 43.36,
  "currentRatio": 1.042909199497537
}