{
  "timestamp": 1645034848957,
  "totalSupply": 15427988.899624575,
  "moreBalance": 17126615.83028357,
  "cachedAPR": 7.1,
  "currentRatio": 1.11010034695451
}