{
  "timestamp": 1645034848957,
  "totalSupply": 10359892.338074237,
  "moreBalance": 11074146.945081659,
  "cachedAPR": 13.33,
  "currentRatio": 1.0689442113584928
}