{
  "timestamp": 1645034848957,
  "totalSupply": 9308291.217478998,
  "moreBalance": 9838829.234924233,
  "cachedAPR": 22.55,
  "currentRatio": 1.0569962848228251
}