{
  "timestamp": 1645034848957,
  "totalSupply": 9534288.812886227,
  "moreBalance": 10070961.316010263,
  "cachedAPR": 21.56,
  "currentRatio": 1.0562886769696642
}