{
  "timestamp": 1645034848957,
  "totalSupply": 9923504.368905151,
  "moreBalance": 10565834.717088364,
  "cachedAPR": 14.26,
  "currentRatio": 1.0647281770939634
}