{
  "timestamp": 1645034848957,
  "totalSupply": 3383008.9423185447,
  "moreBalance": 3506681.8666821723,
  "cachedAPR": 51.29,
  "currentRatio": 1.0365570787639917
}