{
  "timestamp": 1645034848957,
  "totalSupply": 11136573.342774998,
  "moreBalance": 11938210.421601385,
  "cachedAPR": 12.36,
  "currentRatio": 1.071982382206144
}