{
  "timestamp": 1645034848957,
  "totalSupply": 3867907.6392633375,
  "moreBalance": 4045490.7078384673,
  "cachedAPR": 44.45,
  "currentRatio": 1.045911920639592
}