{
  "timestamp": 1645034848957,
  "totalSupply": 12879598.345557906,
  "moreBalance": 13963552.734838888,
  "cachedAPR": 10.57,
  "currentRatio": 1.0841605739712241
}