{
  "timestamp": 1645034848957,
  "totalSupply": 13729588.30068249,
  "moreBalance": 14999094.963790704,
  "cachedAPR": 9.84,
  "currentRatio": 1.0924650204584143
}