{
  "timestamp": 1645034848957,
  "totalSupply": 7548223.309319541,
  "moreBalance": 8379285.314565742,
  "cachedAPR": 14.51,
  "currentRatio": 1.11010034695451
}