{
  "timestamp": 1645034848957,
  "totalSupply": 2067269.3684455992,
  "moreBalance": 2107814.24697066,
  "cachedAPR": 85.6,
  "currentRatio": 1.019612769938901
}