{
  "timestamp": 1645034848957,
  "totalSupply": 15330665.502059069,
  "moreBalance": 16998704.418392655,
  "cachedAPR": 8.68,
  "currentRatio": 1.1088040774296166
}