{
  "timestamp": 1645034848957,
  "totalSupply": 13239895.587508561,
  "moreBalance": 14367877.424965115,
  "cachedAPR": 10.27,
  "currentRatio": 1.085195674694049
}