{
  "timestamp": 1645034848957,
  "totalSupply": 12951919.22426633,
  "moreBalance": 14055366.721160524,
  "cachedAPR": 10.5,
  "currentRatio": 1.085195674694049
}