{
  "timestamp": 1645034848957,
  "totalSupply": 11818657.985045841,
  "moreBalance": 12762766.331560902,
  "cachedAPR": 11.56,
  "currentRatio": 1.0798828722947769
}