{
  "timestamp": 1645034848957,
  "totalSupply": 9010269.960865919,
  "moreBalance": 9533330.346729485,
  "cachedAPR": 18.87,
  "currentRatio": 1.058051577603708
}