{
  "timestamp": 1645034848957,
  "totalSupply": 16475104.8978979,
  "moreBalance": 18289019.663268406,
  "cachedAPR": 6.65,
  "currentRatio": 1.11010034695451
}