{
  "timestamp": 1645034848957,
  "totalSupply": 11207240.517312098,
  "moreBalance": 12037449.912470058,
  "cachedAPR": 12.26,
  "currentRatio": 1.0740779493288748
}