{
  "timestamp": 1645034848957,
  "totalSupply": 12888888.622599062,
  "moreBalance": 13973624.88692818,
  "cachedAPR": 10.56,
  "currentRatio": 1.0841605739712241
}