{
  "timestamp": 1645034848957,
  "totalSupply": 11218229.360699411,
  "moreBalance": 12049252.786841,
  "cachedAPR": 12.25,
  "currentRatio": 1.074077949328875
}