{
  "timestamp": 1645034848957,
  "totalSupply": 11232167.950417187,
  "moreBalance": 12064223.918701602,
  "cachedAPR": 12.23,
  "currentRatio": 1.0740779493288748
}