{
  "timestamp": 1645034848957,
  "totalSupply": 13487770.9750667,
  "moreBalance": 14746446.270152405,
  "cachedAPR": 10.01,
  "currentRatio": 1.093319741076007
}