{
  "timestamp": 1645034848957,
  "totalSupply": 2995023.072023125,
  "moreBalance": 3098372.836505139,
  "cachedAPR": 58.04,
  "currentRatio": 1.0345071680573739
}