{
  "timestamp": 1645034848957,
  "totalSupply": 4180174.318065895,
  "moreBalance": 4378760.149616596,
  "cachedAPR": 44.39,
  "currentRatio": 1.0475065909793408
}