{
  "timestamp": 1645034848957,
  "totalSupply": 13438476.478059137,
  "moreBalance": 14583376.54846749,
  "cachedAPR": 10.12,
  "currentRatio": 1.0851956746940488
}