{
  "timestamp": 1645034848957,
  "totalSupply": 14860421.85665833,
  "moreBalance": 16465599.582720447,
  "cachedAPR": 8.96,
  "currentRatio": 1.1080169689357038
}