{
  "timestamp": 1645034848957,
  "totalSupply": 9067261.322850486,
  "moreBalance": 9640973.721738728,
  "cachedAPR": 15.63,
  "currentRatio": 1.0632729529303875
}