{
  "timestamp": 1645034848957,
  "totalSupply": 13673471.942534056,
  "moreBalance": 14918913.01145654,
  "cachedAPR": 9.89,
  "currentRatio": 1.0910844790669656
}