{
  "timestamp": 1645034848957,
  "totalSupply": 7580039.474662418,
  "moreBalance": 7980449.46294736,
  "cachedAPR": 27.21,
  "currentRatio": 1.0528242616180803
}