{
  "timestamp": 1645034848957,
  "totalSupply": 12888877.178861704,
  "moreBalance": 13973612.480079317,
  "cachedAPR": 10.56,
  "currentRatio": 1.0841605739712241
}