{
  "timestamp": 1645034848957,
  "totalSupply": 10037049.817550978,
  "moreBalance": 10709475.849372359,
  "cachedAPR": 13.78,
  "currentRatio": 1.0669943901887948
}