{
  "timestamp": 1645034848957,
  "totalSupply": 4224212.454535336,
  "moreBalance": 4689299.711389239,
  "cachedAPR": 25.92,
  "currentRatio": 1.1101003469545099
}