{
  "timestamp": 1645034848957,
  "totalSupply": 2984611.911535073,
  "moreBalance": 3084275.3844303284,
  "cachedAPR": 58.31,
  "currentRatio": 1.033392439569805
}