{
  "timestamp": 1645034848957,
  "totalSupply": 12914172.941027936,
  "moreBalance": 14014404.61785444,
  "cachedAPR": 10.53,
  "currentRatio": 1.085195674694049
}