{
  "timestamp": 1645034848957,
  "totalSupply": 6911817.934281068,
  "moreBalance": 7672811.486931819,
  "cachedAPR": 15.84,
  "currentRatio": 1.11010034695451
}