{
  "timestamp": 1645034848957,
  "totalSupply": 12879590.809417328,
  "moreBalance": 13963544.564452395,
  "cachedAPR": 10.57,
  "currentRatio": 1.0841605739712243
}