{
  "timestamp": 1645034848957,
  "totalSupply": 8102262.5911944,
  "moreBalance": 8533573.607266638,
  "cachedAPR": 25.45,
  "currentRatio": 1.0532334037829125
}