{
  "timestamp": 1645034848957,
  "totalSupply": 15492299.788806913,
  "moreBalance": 17075552.50899055,
  "cachedAPR": 8.64,
  "currentRatio": 1.1021961065669232
}