{
  "timestamp": 1645034848957,
  "totalSupply": 3867546.2288509794,
  "moreBalance": 4045112.704379938,
  "cachedAPR": 44.46,
  "currentRatio": 1.0459119206395917
}