{
  "timestamp": 1645034848957,
  "totalSupply": 2870949.831138666,
  "moreBalance": 2936575.17866707,
  "cachedAPR": 61.24,
  "currentRatio": 1.0228584097209306
}