{
  "timestamp": 1645034848957,
  "totalSupply": 6229039.397274843,
  "moreBalance": 6542728.981667105,
  "cachedAPR": 27.23,
  "currentRatio": 1.0503592230496244
}