{
  "timestamp": 1645034848957,
  "totalSupply": 12917936.758128023,
  "moreBalance": 14018489.095891794,
  "cachedAPR": 10.53,
  "currentRatio": 1.085195674694049
}