{
  "timestamp": 1645034848957,
  "totalSupply": 1973173.7117848352,
  "moreBalance": 1996481.5063070296,
  "cachedAPR": "87.32",
  "currentRatio": 1.0118123378509394
}