{
  "timestamp": 1645034848957,
  "totalSupply": 15621878.875467923,
  "moreBalance": 17260600.973551836,
  "cachedAPR": 8.55,
  "currentRatio": 1.104899168092854
}