{
  "timestamp": 1645034848957,
  "totalSupply": 3980355.7530042776,
  "moreBalance": 4418594.302412429,
  "cachedAPR": 106.74,
  "currentRatio": 1.11010034695451
}