{
  "timestamp": 1645034848957,
  "totalSupply": 9010379.816012971,
  "moreBalance": 9533446.579141133,
  "cachedAPR": 18.87,
  "currentRatio": 1.058051577603708
}