{
  "timestamp": 1645034848957,
  "totalSupply": 8925592.04757216,
  "moreBalance": 9453767.369887946,
  "cachedAPR": 18.84,
  "currentRatio": 1.059175382372473
}