{
  "timestamp": 1645034848957,
  "totalSupply": 11020865.800602587,
  "moreBalance": 11800842.013351036,
  "cachedAPR": 12.51,
  "currentRatio": 1.0707726803737871
}