{
  "timestamp": 1645034848957,
  "totalSupply": 3329624.3834333625,
  "moreBalance": 3451345.7242730437,
  "cachedAPR": 52.11,
  "currentRatio": 1.036557078763992
}