{
  "timestamp": 1645034848957,
  "totalSupply": 9410027.914935125,
  "moreBalance": 9949731.806119962,
  "cachedAPR": 18.26,
  "currentRatio": 1.0573541222261675
}