{
  "timestamp": 1645034848957,
  "totalSupply": 9436533.956326831,
  "moreBalance": 9977758.078249378,
  "cachedAPR": 18.21,
  "currentRatio": 1.0573541222261673
}