{
  "timestamp": 1645034848957,
  "totalSupply": 8755357.934126582,
  "moreBalance": 9224857.3140923,
  "cachedAPR": 23.54,
  "currentRatio": 1.053624235981913
}