{
  "timestamp": 1645034848957,
  "totalSupply": 9914359.833327781,
  "moreBalance": 10562758.129656032,
  "cachedAPR": 14.27,
  "currentRatio": 1.0653999156000589
}