{
  "timestamp": 1645034848957,
  "totalSupply": 13142615.416012775,
  "moreBalance": 14262309.403624391,
  "cachedAPR": 10.35,
  "currentRatio": 1.0851956746940488
}