{
  "timestamp": 1645034848957,
  "totalSupply": 8046936.7800927125,
  "moreBalance": 8472010.273788482,
  "cachedAPR": 25.63,
  "currentRatio": 1.0528242616180803
}