{
  "timestamp": 1645034848957,
  "totalSupply": 3157165.5236894754,
  "moreBalance": 3258902.86862267,
  "cachedAPR": 55.18,
  "currentRatio": 1.0322242670426427
}