{
  "timestamp": 1645034848957,
  "totalSupply": 13589261.720912434,
  "moreBalance": 14857408.106122073,
  "cachedAPR": 9.93,
  "currentRatio": 1.0933197410760067
}