{
  "timestamp": 1645034848957,
  "totalSupply": 3018596.685810414,
  "moreBalance": 3094485.7237043106,
  "cachedAPR": 58.12,
  "currentRatio": 1.0251405026218408
}