{
  "timestamp": 1645034848957,
  "totalSupply": 15417580.821634147,
  "moreBalance": 16930297.627102494,
  "cachedAPR": 8.72,
  "currentRatio": 1.098116353205406
}