{
  "timestamp": 1645034848957,
  "totalSupply": 2758051.0551071274,
  "moreBalance": 2840879.235358195,
  "cachedAPR": 63.31,
  "currentRatio": 1.0300314166040159
}