{
  "timestamp": 1645034848957,
  "totalSupply": 2759708.2239272837,
  "moreBalance": 2842586.1713055726,
  "cachedAPR": 63.27,
  "currentRatio": 1.0300314166040159
}