{
  "timestamp": 1645034848957,
  "totalSupply": 8148522.766972476,
  "moreBalance": 8582296.369660977,
  "cachedAPR": 25.3,
  "currentRatio": 1.0532334037829125
}