{
  "timestamp": 1645034848957,
  "totalSupply": 9538118.15068526,
  "moreBalance": 10085168.544907287,
  "cachedAPR": 18.02,
  "currentRatio": 1.0573541222261673
}