{
  "timestamp": 1645034848957,
  "totalSupply": 9201796.031955753,
  "moreBalance": 9749658.268241085,
  "cachedAPR": 15.64,
  "currentRatio": 1.0595386198936307
}