{
  "timestamp": 1645034848957,
  "totalSupply": 13487652.089313736,
  "moreBalance": 14667012.266171208,
  "cachedAPR": 10.06,
  "currentRatio": 1.0874399909671364
}