{
  "timestamp": 1645034848957,
  "totalSupply": 7406176.112495299,
  "moreBalance": 7794103.75019981,
  "cachedAPR": 27.86,
  "currentRatio": 1.0523789377692518
}