{
  "timestamp": 1645034848957,
  "totalSupply": 4917718.445740189,
  "moreBalance": 5154680.878814319,
  "cachedAPR": 34.56,
  "currentRatio": 1.0481854412139822
}