{
  "timestamp": 1645034848957,
  "totalSupply": 2601129.4273702744,
  "moreBalance": 2666523.128558824,
  "cachedAPR": 67.44,
  "currentRatio": 1.0251405026218408
}