{
  "timestamp": 1645034848957,
  "totalSupply": 2724602.202161284,
  "moreBalance": 2793100.070968193,
  "cachedAPR": 64.39,
  "currentRatio": 1.0251405026218408
}