{
  "timestamp": 1645034848957,
  "totalSupply": 3347752.726790508,
  "moreBalance": 3473487.9336282643,
  "cachedAPR": 51.78,
  "currentRatio": 1.0375580925770163
}