{
  "timestamp": 1645034848957,
  "totalSupply": 2754750.2370784837,
  "moreBalance": 2817719.4466764545,
  "cachedAPR": 63.83,
  "currentRatio": 1.0228584097209306
}