{
  "timestamp": 1645034848957,
  "totalSupply": 1974745.829507535,
  "moreBalance": 1998072.1944154117,
  "cachedAPR": 87.25,
  "currentRatio": 1.0118123378509394
}