{
  "timestamp": 1645034848957,
  "totalSupply": 10356141.073379712,
  "moreBalance": 11070137.052401172,
  "cachedAPR": 13.33,
  "currentRatio": 1.0689442113584928
}