{
  "timestamp": 1645034848957,
  "totalSupply": 14897963.969399618,
  "moreBalance": 16494122.145428414,
  "cachedAPR": 8.95,
  "currentRatio": 1.1071393500016042
}