{
  "timestamp": 1645034848957,
  "totalSupply": 4979380.734514691,
  "moreBalance": 5204660.667632042,
  "cachedAPR": 34.55,
  "currentRatio": 1.0452425602958655
}