{
  "timestamp": 1645034848957,
  "totalSupply": 8951167.90969911,
  "moreBalance": 9470797.328252828,
  "cachedAPR": 18.99,
  "currentRatio": 1.0580515776037078
}