{
  "timestamp": 1645034848957,
  "totalSupply": 6748982.259962877,
  "moreBalance": 7095790.584072487,
  "cachedAPR": 25.11,
  "currentRatio": 1.0513867588846675
}