{
  "timestamp": 1645034848957,
  "totalSupply": 3018930.5070427875,
  "moreBalance": 3094827.937370252,
  "cachedAPR": 58.11,
  "currentRatio": 1.0251405026218408
}