{
  "timestamp": 1645034848957,
  "totalSupply": 15421517.32920142,
  "moreBalance": 17099441.29477003,
  "cachedAPR": 8.63,
  "currentRatio": 1.1088040774296168
}