{
  "timestamp": 1645034848957,
  "totalSupply": 3048235.5936961044,
  "moreBalance": 3146462.7514762557,
  "cachedAPR": 57.16,
  "currentRatio": 1.0322242670426425
}