{
  "timestamp": 1645034848957,
  "totalSupply": 15346761.297896098,
  "moreBalance": 16852529.549959525,
  "cachedAPR": 8.76,
  "currentRatio": 1.098116353205406
}