{
  "timestamp": 1645034848957,
  "totalSupply": 6093906.082524757,
  "moreBalance": 6394219.484157512,
  "cachedAPR": 27.86,
  "currentRatio": 1.0492809369829232
}