{
  "timestamp": 1645034848957,
  "totalSupply": 2601660.6633442556,
  "moreBalance": 2656212.761075715,
  "cachedAPR": 67.93,
  "currentRatio": 1.0209681833223156
}