{
  "timestamp": 1645034848957,
  "totalSupply": 8745411.534485105,
  "moreBalance": 9214377.546369277,
  "cachedAPR": 23.57,
  "currentRatio": 1.0536242359819128
}