{
  "timestamp": 1645034848957,
  "totalSupply": 7399785.994820467,
  "moreBalance": 7787378.924948948,
  "cachedAPR": 27.88,
  "currentRatio": 1.0523789377692516
}