{
  "timestamp": 1645034848957,
  "totalSupply": 15311921.342889188,
  "moreBalance": 16977920.818277102,
  "cachedAPR": 8.69,
  "currentRatio": 1.1088040774296166
}