{
  "timestamp": 1645034848957,
  "totalSupply": 4595316.9025704535,
  "moreBalance": 4803220.804613606,
  "cachedAPR": 37.44,
  "currentRatio": 1.0452425602958653
}