{
  "timestamp": 1645034848957,
  "totalSupply": 2602634.496576923,
  "moreBalance": 2674690.882057638,
  "cachedAPR": 67.24,
  "currentRatio": 1.0276859411398283
}