{
  "timestamp": 1645034848957,
  "totalSupply": 13437096.447443517,
  "moreBalance": 14597013.448588498,
  "cachedAPR": 10.11,
  "currentRatio": 1.086321997142892
}