{
  "timestamp": 1645034848957,
  "totalSupply": 5671167.478692863,
  "moreBalance": 5944435.185852066,
  "cachedAPR": 29.97,
  "currentRatio": 1.0481854412139822
}