{
  "timestamp": 1645034848957,
  "totalSupply": 12962202.63189643,
  "moreBalance": 14066526.230641823,
  "cachedAPR": 10.49,
  "currentRatio": 1.085195674694049
}