{
  "timestamp": 1645034848957,
  "totalSupply": 11449620.914225454,
  "moreBalance": 12311143.056856913,
  "cachedAPR": 11.99,
  "currentRatio": 1.075244599719548
}