{
  "timestamp": 1645034848957,
  "totalSupply": 15228256.226860207,
  "moreBalance": 16904892.52094969,
  "cachedAPR": 7.19,
  "currentRatio": 1.1101003469545099
}