{
  "timestamp": 1645034848957,
  "totalSupply": 15470207.71613893,
  "moreBalance": 17153429.394337963,
  "cachedAPR": 8.6,
  "currentRatio": 1.1088040774296166
}