{
  "timestamp": 1645034848957,
  "totalSupply": 7404687.358006929,
  "moreBalance": 7792537.016332738,
  "cachedAPR": 27.87,
  "currentRatio": 1.0523789377692516
}