{
  "timestamp": 1645034848957,
  "totalSupply": 15154028.4748689,
  "moreBalance": 16640886.485193914,
  "cachedAPR": 8.87,
  "currentRatio": 1.098116353205406
}