{
  "timestamp": 1645034848957,
  "totalSupply": 5197628.917481402,
  "moreBalance": 5448078.960136796,
  "cachedAPR": 32.7,
  "currentRatio": 1.0481854412139824
}