{
  "timestamp": 1645034848957,
  "totalSupply": 3284219.602949681,
  "moreBalance": 3404281.077652959,
  "cachedAPR": 52.83,
  "currentRatio": 1.036557078763992
}