{
  "timestamp": 1645034848957,
  "totalSupply": 3329624.3834333625,
  "moreBalance": 3454678.7242730437,
  "cachedAPR": 52.06,
  "currentRatio": 1.0375580925770163
}