{
  "timestamp": 1645034848957,
  "totalSupply": 8952681.60902613,
  "moreBalance": 9505921.358431922,
  "cachedAPR": 15.85,
  "currentRatio": 1.061795981759031
}