{
  "timestamp": 1645034848957,
  "totalSupply": 5996727.9778048415,
  "moreBalance": 6656969.808752972,
  "cachedAPR": 18.26,
  "currentRatio": 1.11010034695451
}