{
  "timestamp": 1645034848957,
  "totalSupply": 9557600.693402067,
  "moreBalance": 10112434.49176035,
  "cachedAPR": 17.97,
  "currentRatio": 1.058051577603708
}