{
  "timestamp": 1645034848957,
  "totalSupply": 12876350.180531321,
  "moreBalance": 13960031.202379314,
  "cachedAPR": 10.57,
  "currentRatio": 1.0841605739712243
}