{
  "timestamp": 1645034848957,
  "totalSupply": 12926739.133155383,
  "moreBalance": 14028041.395198522,
  "cachedAPR": 10.52,
  "currentRatio": 1.085195674694049
}