{
  "timestamp": 1645034848957,
  "totalSupply": 13589325.746098634,
  "moreBalance": 14857478.106122073,
  "cachedAPR": 9.93,
  "currentRatio": 1.093319741076007
}