{
  "timestamp": 1645034848957,
  "totalSupply": 15490807.601519447,
  "moreBalance": 17196350.8930523,
  "cachedAPR": 7.07,
  "currentRatio": 1.1101003469545099
}