{
  "timestamp": 1645034848957,
  "totalSupply": 4983919.050270551,
  "moreBalance": 5212740.346180723,
  "cachedAPR": 34.5,
  "currentRatio": 1.045911920639592
}