{
  "timestamp": 1645034848957,
  "totalSupply": 9172676.88692416,
  "moreBalance": 9715473.549087042,
  "cachedAPR": 18.33,
  "currentRatio": 1.0591753823724728
}