{
  "timestamp": 1645034848957,
  "totalSupply": 9006238.647691114,
  "moreBalance": 9548993.323628273,
  "cachedAPR": 15.97,
  "currentRatio": 1.060264300910603
}