{
  "timestamp": 1645034848957,
  "totalSupply": 9202305.839304524,
  "moreBalance": 9756876.367475772,
  "cachedAPR": 15.63,
  "currentRatio": 1.0602643009106032
}