{
  "timestamp": 1645034848957,
  "totalSupply": 9510609.973648338,
  "moreBalance": 10056082.66052237,
  "cachedAPR": 18.07,
  "currentRatio": 1.0573541222261673
}