{
  "timestamp": 1645034848957,
  "totalSupply": 13269714.003268464,
  "moreBalance": 14508040.278206138,
  "cachedAPR": 10.17,
  "currentRatio": 1.0933197410760067
}