{
  "timestamp": 1645034848957,
  "totalSupply": 1852934.7368314515,
  "moreBalance": 1874822.2279586464,
  "cachedAPR": 20.375780032734966,
  "currentRatio": 1.0118123378509396
}