{
  "timestamp": 1645034848957,
  "totalSupply": 13477304.183986604,
  "moreBalance": 14735002.720838817,
  "cachedAPR": 10.02,
  "currentRatio": 1.0933197410760067
}