{
  "timestamp": 1645034848957,
  "totalSupply": 8646802.231658915,
  "moreBalance": 9127181.120081404,
  "cachedAPR": 23.79,
  "currentRatio": 1.0555556696629023
}