{
  "timestamp": 1645034848957,
  "totalSupply": 14905458.83937555,
  "moreBalance": 16367928.103548361,
  "cachedAPR": 9.02,
  "currentRatio": 1.098116353205406
}