{
  "timestamp": 1645034848957,
  "totalSupply": 15417580.821634147,
  "moreBalance": 16973241.087750643,
  "cachedAPR": 8.7,
  "currentRatio": 1.1009017098151723
}