{
  "timestamp": 1645034848957,
  "totalSupply": 15584572.361017127,
  "moreBalance": 17219381.03677071,
  "cachedAPR": 8.57,
  "currentRatio": 1.104899168092854
}