{
  "timestamp": 1645034848957,
  "totalSupply": 5684005.421967486,
  "moreBalance": 5957891.731087657,
  "cachedAPR": 29.9,
  "currentRatio": 1.0481854412139822
}