{
  "timestamp": 1644768948261,
  "totalSupply": 1751651.1488308385,
  "moreBalance": 1769167.660319147,
  "cachedAPR": 19.5080477478,
  "currentRatio": 1.01
}