{
  "timestamp": 1645034848957,
  "totalSupply": 9298813.578402108,
  "moreBalance": 9838624.376471132,
  "cachedAPR": 18.47,
  "currentRatio": 1.058051577603708
}