{
  "timestamp": 1645034848957,
  "totalSupply": 12531411.959222626,
  "moreBalance": 13559437.41194147,
  "cachedAPR": 10.88,
  "currentRatio": 1.082035883591095
}