{
  "timestamp": 1645034848957,
  "totalSupply": 9301438.543310078,
  "moreBalance": 9828255.812949399,
  "cachedAPR": 22.57,
  "currentRatio": 1.0566382573175443
}