{
  "timestamp": 1645034848957,
  "totalSupply": 11814537.760252556,
  "moreBalance": 12758316.971376631,
  "cachedAPR": 11.57,
  "currentRatio": 1.079882872294777
}