{
  "timestamp": 1645034848957,
  "totalSupply": 2672972.6884325817,
  "moreBalance": 2750015.6587864705,
  "cachedAPR": 65.4,
  "currentRatio": 1.02882295456564
}