{
  "timestamp": 1645034848957,
  "totalSupply": 8636882.943147998,
  "moreBalance": 9113381.582347777,
  "cachedAPR": 23.83,
  "currentRatio": 1.0551702092452004
}