{
  "timestamp": 1645034848957,
  "totalSupply": 12911050.922504082,
  "moreBalance": 14011016.61685604,
  "cachedAPR": 10.53,
  "currentRatio": 1.085195674694049
}