{
  "timestamp": 1645034848957,
  "totalSupply": 8516386.833846394,
  "moreBalance": 8969743.09294402,
  "cachedAPR": 24.21,
  "currentRatio": 1.0532334037829127
}