{
  "timestamp": 1645034848957,
  "totalSupply": 11229230.632345518,
  "moreBalance": 12037537.403603954,
  "cachedAPR": 12.26,
  "currentRatio": 1.071982382206144
}