{
  "timestamp": 1645034848957,
  "totalSupply": 11464870.377076602,
  "moreBalance": 12327539.959436236,
  "cachedAPR": 11.97,
  "currentRatio": 1.075244599719548
}