{
  "timestamp": 1645034848957,
  "totalSupply": 3840164.3670464773,
  "moreBalance": 4262967.796220641,
  "cachedAPR": 110.63,
  "currentRatio": 1.1101003469545099
}