{
  "timestamp": 1645034848957,
  "totalSupply": 3047766.207264885,
  "moreBalance": 3145978.2394113303,
  "cachedAPR": 57.17,
  "currentRatio": 1.0322242670426425
}