{
  "timestamp": 1645034848957,
  "totalSupply": 13557649.155492539,
  "moreBalance": 14822845.464282444,
  "cachedAPR": 9.96,
  "currentRatio": 1.0933197410760067
}