{
  "timestamp": 1645034848957,
  "totalSupply": 15411566.413265882,
  "moreBalance": 17088407.678606544,
  "cachedAPR": 7.11,
  "currentRatio": 1.1088040774296168
}