{
  "timestamp": 1645034848957,
  "totalSupply": 6487364.987831784,
  "moreBalance": 6814063.648258329,
  "cachedAPR": 26.15,
  "currentRatio": 1.0503592230496244
}