{
  "timestamp": 1645034848957,
  "totalSupply": 15233522.647812773,
  "moreBalance": 16879001.590442907,
  "cachedAPR": 8.74,
  "currentRatio": 1.108016968935704
}