{
  "timestamp": 1645034848957,
  "totalSupply": 1975522.192529125,
  "moreBalance": 2002192.0384542467,
  "cachedAPR": 87.07,
  "currentRatio": 1.0135001499988103
}