{
  "timestamp": 1645034848957,
  "totalSupply": 2264740.181295271,
  "moreBalance": 2305636.2720802706,
  "cachedAPR": 78.25,
  "currentRatio": 1.0180577406286004
}