{
  "timestamp": 1645034848957,
  "totalSupply": 3052020.910107663,
  "moreBalance": 3160673.295748168,
  "cachedAPR": 56.9,
  "currentRatio": 1.0356001445732796
}