{
  "timestamp": 1645034848957,
  "totalSupply": 8639788.786647446,
  "moreBalance": 9116447.741841123,
  "cachedAPR": 23.82,
  "currentRatio": 1.0551702092452004
}