{
  "timestamp": 1645034848957,
  "totalSupply": 2717326.0675368137,
  "moreBalance": 2804889.908379054,
  "cachedAPR": 64.12,
  "currentRatio": 1.0322242670426427
}