{
  "timestamp": 1645034848957,
  "totalSupply": 9308295.250505121,
  "moreBalance": 9838833.49781786,
  "cachedAPR": 22.55,
  "currentRatio": 1.0569962848228251
}