{
  "timestamp": 1645034848957,
  "totalSupply": 2931363.8030443564,
  "moreBalance": 3015854.368754865,
  "cachedAPR": 59.63,
  "currentRatio": 1.0288229545656398
}