{
  "timestamp": 1645034848957,
  "totalSupply": 13650858.451803226,
  "moreBalance": 14924753.027990723,
  "cachedAPR": 9.89,
  "currentRatio": 1.093319741076007
}