{
  "timestamp": 1645034848957,
  "totalSupply": 14992042.002693411,
  "moreBalance": 16611436.937981112,
  "cachedAPR": 8.88,
  "currentRatio": 1.1080169689357038
}