{
  "timestamp": 1645034848957,
  "totalSupply": 12953645.193401797,
  "moreBalance": 14057239.735400988,
  "cachedAPR": 10.5,
  "currentRatio": 1.085195674694049
}