{
  "timestamp": 1645034848957,
  "totalSupply": 14970971.786754042,
  "moreBalance": 16588090.781181153,
  "cachedAPR": 8.9,
  "currentRatio": 1.108016968935704
}