{
  "timestamp": 1645034848957,
  "totalSupply": 2600959.857761819,
  "moreBalance": 2672969.8792908685,
  "cachedAPR": 67.28,
  "currentRatio": 1.0276859411398283
}