{
  "timestamp": 1645034848957,
  "totalSupply": 15398457.623509534,
  "moreBalance": 17093833.150422253,
  "cachedAPR": 7.11,
  "currentRatio": 1.11010034695451
}