{
  "timestamp": 1645034848957,
  "totalSupply": 8527956.520792915,
  "moreBalance": 8981928.673707407,
  "cachedAPR": 24.18,
  "currentRatio": 1.0532334037829127
}