{
  "timestamp": 1645034848957,
  "totalSupply": 4380730.507542252,
  "moreBalance": 4588844.079954782,
  "cachedAPR": 42.35,
  "currentRatio": 1.0475065909793408
}