{
  "timestamp": 1645034848957,
  "totalSupply": 9247685.256913042,
  "moreBalance": 9846271.065931743,
  "cachedAPR": 15.3,
  "currentRatio": 1.0647281770939634
}