{
  "timestamp": 1645034848957,
  "totalSupply": 15402102.122032646,
  "moreBalance": 17097878.909497235,
  "cachedAPR": 7.11,
  "currentRatio": 1.11010034695451
}