{
  "timestamp": 1645034848957,
  "totalSupply": 12426151.038348466,
  "moreBalance": 13445541.318415785,
  "cachedAPR": 10.98,
  "currentRatio": 1.082035883591095
}