{
  "timestamp": 1645034848957,
  "totalSupply": 3923574.273068174,
  "moreBalance": 4082048.803530629,
  "cachedAPR": 44.06,
  "currentRatio": 1.0403903480431709
}