{
  "timestamp": 1645034848957,
  "totalSupply": 4257359.68541654,
  "moreBalance": 4459612.330643559,
  "cachedAPR": 43.58,
  "currentRatio": 1.0475065909793408
}