{
  "timestamp": 1645034848957,
  "totalSupply": 10521153.781692002,
  "moreBalance": 11226012.063378988,
  "cachedAPR": 13.15,
  "currentRatio": 1.0669943901887946
}