{
  "timestamp": 1645034848957,
  "totalSupply": 6735570.575937597,
  "moreBalance": 7088372.607975035,
  "cachedAPR": 25.13,
  "currentRatio": 1.0523789377692516
}