{
  "timestamp": 1645034848957,
  "totalSupply": 11346276.052994242,
  "moreBalance": 12186784.915519377,
  "cachedAPR": 12.11,
  "currentRatio": 1.074077949328875
}