{
  "timestamp": 1645034848957,
  "totalSupply": 11118791.17119654,
  "moreBalance": 11935786.637340477,
  "cachedAPR": 12.37,
  "currentRatio": 1.0734788030069653
}