{
  "timestamp": 1645034848957,
  "totalSupply": 2853602.7175612273,
  "moreBalance": 2945557.973565531,
  "cachedAPR": 61.06,
  "currentRatio": 1.0322242670426427
}