{
  "timestamp": 1645034848957,
  "totalSupply": 10349267.830171404,
  "moreBalance": 11032775.072787018,
  "cachedAPR": 13.66,
  "currentRatio": 1.0660440191356313
}