{
  "timestamp": 1645034848957,
  "totalSupply": 2970436.3626032374,
  "moreBalance": 3041781.7363140364,
  "cachedAPR": 59.12,
  "currentRatio": 1.0240184824724787
}