{
  "timestamp": 1645034848957,
  "totalSupply": 11427871.107386332,
  "moreBalance": 12287756.694508206,
  "cachedAPR": 12.01,
  "currentRatio": 1.075244599719548
}