{
  "timestamp": 1645034848957,
  "totalSupply": 1849166.773213653,
  "moreBalance": 1871009.755881584,
  "cachedAPR": 20.375780032734966,
  "currentRatio": 1.0118123378509394
}