{
  "timestamp": 1645034848957,
  "totalSupply": 11623971.121464109,
  "moreBalance": 12552527.322118202,
  "cachedAPR": 11.76,
  "currentRatio": 1.079882872294777
}