{
  "timestamp": 1645034848957,
  "totalSupply": 15235097.523214726,
  "moreBalance": 16833246.579213448,
  "cachedAPR": 8.77,
  "currentRatio": 1.1048991680928537
}