{
  "timestamp": 1645034848957,
  "totalSupply": 9298852.286174107,
  "moreBalance": 9838665.33129036,
  "cachedAPR": 18.47,
  "currentRatio": 1.058051577603708
}