{
  "timestamp": 1645034848957,
  "totalSupply": 10214449.930198682,
  "moreBalance": 10882474.093534704,
  "cachedAPR": 13.85,
  "currentRatio": 1.0653999156000589
}