{
  "timestamp": 1645034848957,
  "totalSupply": 12837450.9763876,
  "moreBalance": 13917858.218887832,
  "cachedAPR": 10.6,
  "currentRatio": 1.0841605739712241
}