{
  "timestamp": 1645034848957,
  "totalSupply": 13720263.045876844,
  "moreBalance": 14988907.449108673,
  "cachedAPR": 9.85,
  "currentRatio": 1.0924650204584143
}