{
  "timestamp": 1645034848957,
  "totalSupply": 12975490.613057578,
  "moreBalance": 14080946.290323317,
  "cachedAPR": 10.48,
  "currentRatio": 1.085195674694049
}