{
  "timestamp": 1645034848957,
  "totalSupply": 4611844.607921294,
  "moreBalance": 4830937.62337009,
  "cachedAPR": 40.23,
  "currentRatio": 1.0475065909793408
}