{
  "timestamp": 1645034848957,
  "totalSupply": 16535036.371922767,
  "moreBalance": 18355549.613376904,
  "cachedAPR": 6.62,
  "currentRatio": 1.1101003469545099
}