{
  "timestamp": 1645034848957,
  "totalSupply": 6150507.44959097,
  "moreBalance": 6453610.219627262,
  "cachedAPR": 27.61,
  "currentRatio": 1.0492809369829232
}