{
  "timestamp": 1645034848957,
  "totalSupply": 9244886.820795814,
  "moreBalance": 9843291.492145933,
  "cachedAPR": 15.31,
  "currentRatio": 1.0647281770939634
}