{
  "timestamp": 1645034848957,
  "totalSupply": 8146312.66705224,
  "moreBalance": 8579968.618599288,
  "cachedAPR": 25.31,
  "currentRatio": 1.0532334037829127
}