{
  "timestamp": 1645034848957,
  "totalSupply": 3286630.2421312775,
  "moreBalance": 3406779.842760988,
  "cachedAPR": 52.79,
  "currentRatio": 1.0365570787639917
}