{
  "timestamp": 1645034848957,
  "totalSupply": 13609287.181149712,
  "moreBalance": 14812176.816592926,
  "cachedAPR": 9.96,
  "currentRatio": 1.0883874092325234
}