{
  "timestamp": 1645034848957,
  "totalSupply": 8046617.388588254,
  "moreBalance": 8471674.010663634,
  "cachedAPR": 25.63,
  "currentRatio": 1.0528242616180803
}