{
  "timestamp": 1645034848957,
  "totalSupply": 4337673.27551199,
  "moreBalance": 4530774.585571505,
  "cachedAPR": 39.69,
  "currentRatio": 1.0445172556332571
}