{
  "timestamp": 1645034848957,
  "totalSupply": 6712144.975397026,
  "moreBalance": 7057060.3508466855,
  "cachedAPR": 25.24,
  "currentRatio": 1.0513867588846675
}