{
  "timestamp": 1645034848957,
  "totalSupply": 5690418.944417615,
  "moreBalance": 6316936.044514511,
  "cachedAPR": 19.24,
  "currentRatio": 1.1101003469545099
}