{
  "timestamp": 1645034848957,
  "totalSupply": 6141160.069596486,
  "moreBalance": 6450424.119324743,
  "cachedAPR": 27.62,
  "currentRatio": 1.0503592230496244
}