{
  "timestamp": 1645034848957,
  "totalSupply": 12985657.445945397,
  "moreBalance": 14091979.293398516,
  "cachedAPR": 10.47,
  "currentRatio": 1.085195674694049
}