{
  "timestamp": 1645034848957,
  "totalSupply": 9419001.985379936,
  "moreBalance": 10028676.813938003,
  "cachedAPR": 15.03,
  "currentRatio": 1.0647281770939636
}