{
  "timestamp": 1645034848957,
  "totalSupply": 12910362.833594019,
  "moreBalance": 14010269.905747034,
  "cachedAPR": 10.53,
  "currentRatio": 1.085195674694049
}