{
  "timestamp": 1645034848957,
  "totalSupply": 16500269.409027841,
  "moreBalance": 18316954.795804694,
  "cachedAPR": 6.64,
  "currentRatio": 1.11010034695451
}