{
  "timestamp": 1645034848957,
  "totalSupply": 4344429.85267749,
  "moreBalance": 4537831.947009888,
  "cachedAPR": 39.63,
  "currentRatio": 1.0445172556332571
}