{
  "timestamp": 1645034848957,
  "totalSupply": 14638906.276673162,
  "moreBalance": 16075222.37545606,
  "cachedAPR": 9.18,
  "currentRatio": 1.098116353205406
}