{
  "timestamp": 1645034848957,
  "totalSupply": 13353226.744207734,
  "moreBalance": 14490863.906023132,
  "cachedAPR": 10.18,
  "currentRatio": 1.085195674694049
}