{
  "timestamp": 1645034848957,
  "totalSupply": 7525686.157450151,
  "moreBalance": 7919873.604362152,
  "cachedAPR": 27.42,
  "currentRatio": 1.0523789377692518
}