{
  "timestamp": 1645034848957,
  "totalSupply": 7394207.272737083,
  "moreBalance": 7781507.995328726,
  "cachedAPR": 27.91,
  "currentRatio": 1.0523789377692516
}