{
  "timestamp": 1645034848957,
  "totalSupply": 1933903.752628606,
  "moreBalance": 1960011.7433723542,
  "cachedAPR": 88.95,
  "currentRatio": 1.01350014999881
}