{
  "timestamp": 1645034848957,
  "totalSupply": 4640440.898205591,
  "moreBalance": 4860892.425920449,
  "cachedAPR": 39.98,
  "currentRatio": 1.0475065909793408
}