{
  "timestamp": 1645034848957,
  "totalSupply": 12504992.410047535,
  "moreBalance": 13544119.656261371,
  "cachedAPR": 10.9,
  "currentRatio": 1.0830969913567414
}