{
  "timestamp": 1645034848957,
  "totalSupply": 9515193.65400764,
  "moreBalance": 10060929.233845245,
  "cachedAPR": 18.06,
  "currentRatio": 1.0573541222261673
}