{
  "timestamp": 1645034848957,
  "totalSupply": 2990431.1583881695,
  "moreBalance": 3093622.4689346766,
  "cachedAPR": 58.13,
  "currentRatio": 1.0345071680573736
}