{
  "timestamp": 1645034848957,
  "totalSupply": 12426051.038348466,
  "moreBalance": 13445433.114827426,
  "cachedAPR": 10.98,
  "currentRatio": 1.082035883591095
}