{
  "timestamp": 1645034848957,
  "totalSupply": 2865828.0774853574,
  "moreBalance": 2931336.3498702645,
  "cachedAPR": 61.35,
  "currentRatio": 1.0228584097209306
}