{
  "timestamp": 1645034848957,
  "totalSupply": 8908932.042546313,
  "moreBalance": 9432794.558033494,
  "cachedAPR": 18.88,
  "currentRatio": 1.0588019431493445
}