{
  "timestamp": 1645034848957,
  "totalSupply": 15298279.876384698,
  "moreBalance": 16982625.79858185,
  "cachedAPR": 7.16,
  "currentRatio": 1.1101003469545099
}