{
  "timestamp": 1645034848957,
  "totalSupply": 13557995.663775638,
  "moreBalance": 14823224.308628803,
  "cachedAPR": 9.96,
  "currentRatio": 1.0933197410760067
}