{
  "timestamp": 1645034848957,
  "totalSupply": 16489318.821758308,
  "moreBalance": 18304798.545077432,
  "cachedAPR": 6.64,
  "currentRatio": 1.11010034695451
}