{
  "timestamp": 1645034848957,
  "totalSupply": 2381313.4959341544,
  "moreBalance": 2428017.649682311,
  "cachedAPR": 74.31,
  "currentRatio": 1.019612769938901
}