{
  "timestamp": 1645034848957,
  "totalSupply": 4595310.318307385,
  "moreBalance": 4803213.922461619,
  "cachedAPR": 37.44,
  "currentRatio": 1.0452425602958653
}