{
  "timestamp": 1645034848957,
  "totalSupply": 8146312.66705224,
  "moreBalance": 8576635.618599288,
  "cachedAPR": 25.32,
  "currentRatio": 1.0528242616180803
}