{
  "timestamp": 1645034848957,
  "totalSupply": 8699378.415451974,
  "moreBalance": 9186014.041697314,
  "cachedAPR": 23.64,
  "currentRatio": 1.0559391261082482
}