{
  "timestamp": 1645034848957,
  "totalSupply": 12896612.33748994,
  "moreBalance": 13995347.926849991,
  "cachedAPR": 10.55,
  "currentRatio": 1.085195674694049
}