{
  "timestamp": 1645034848957,
  "totalSupply": 11120216.250374764,
  "moreBalance": 11920675.906724216,
  "cachedAPR": 12.38,
  "currentRatio": 1.0719823822061443
}