{
  "timestamp": 1645034848957,
  "totalSupply": 3329465.2419468113,
  "moreBalance": 3451180.765038634,
  "cachedAPR": 52.11,
  "currentRatio": 1.036557078763992
}