{
  "timestamp": 1645034848957,
  "totalSupply": 9838454.46331314,
  "moreBalance": 10409592.266090712,
  "cachedAPR": 17.28,
  "currentRatio": 1.058051577603708
}