{
  "timestamp": 1645034848957,
  "totalSupply": 6004115.716369278,
  "moreBalance": 6293426.681262337,
  "cachedAPR": 28.31,
  "currentRatio": 1.0481854412139822
}