{
  "timestamp": 1645034848957,
  "totalSupply": 3965797.3647581823,
  "moreBalance": 4125977.3005894553,
  "cachedAPR": 43.59,
  "currentRatio": 1.0403903480431709
}