{
  "timestamp": 1645034848957,
  "totalSupply": 3821881.508086967,
  "moreBalance": 4242671.9881463675,
  "cachedAPR": 111.16,
  "currentRatio": 1.1101003469545099
}