{
  "timestamp": 1645034848957,
  "totalSupply": 11499248.253974719,
  "moreBalance": 12391190.191301264,
  "cachedAPR": 11.91,
  "currentRatio": 1.0775652388423083
}