{
  "timestamp": 1645034848957,
  "totalSupply": 8524228.20548786,
  "moreBalance": 8978001.887488289,
  "cachedAPR": 24.19,
  "currentRatio": 1.0532334037829127
}