{
  "timestamp": 1645034848957,
  "totalSupply": 12969680.601182878,
  "moreBalance": 14074641.290566972,
  "cachedAPR": 10.49,
  "currentRatio": 1.085195674694049
}