{
  "timestamp": 1645034848957,
  "totalSupply": 15428809.870926866,
  "moreBalance": 17107527.29477003,
  "cachedAPR": 7.1,
  "currentRatio": 1.1088040774296168
}