{
  "timestamp": 1645034848957,
  "totalSupply": 15533143.351679424,
  "moreBalance": 17120570.124966953,
  "cachedAPR": 8.62,
  "currentRatio": 1.1021961065669235
}