{
  "timestamp": 1645034848957,
  "totalSupply": 10521153.781692002,
  "moreBalance": 11216013.063378988,
  "cachedAPR": 13.16,
  "currentRatio": 1.0660440191356313
}