{
  "timestamp": 1645034848957,
  "totalSupply": 8903043.81714564,
  "moreBalance": 9426560.09353756,
  "cachedAPR": 18.89,
  "currentRatio": 1.0588019431493443
}