{
  "timestamp": 1645034848957,
  "totalSupply": 10037036.008157717,
  "moreBalance": 10709461.114827218,
  "cachedAPR": 13.78,
  "currentRatio": 1.0669943901887946
}