{
  "timestamp": 1645034848957,
  "totalSupply": 11430715.499400655,
  "moreBalance": 12290815.111661091,
  "cachedAPR": 12.01,
  "currentRatio": 1.075244599719548
}