{
  "timestamp": 1645034848957,
  "totalSupply": 13398225.596142782,
  "moreBalance": 14539696.465509243,
  "cachedAPR": 10.15,
  "currentRatio": 1.085195674694049
}