{
  "timestamp": 1645034848957,
  "totalSupply": 14213119.632193713,
  "moreBalance": 15539484.276152339,
  "cachedAPR": 9.5,
  "currentRatio": 1.0933197410760067
}