{
  "timestamp": 1645034848957,
  "totalSupply": 2012897.6648986014,
  "moreBalance": 2040072.0853069874,
  "cachedAPR": 85.46,
  "currentRatio": 1.0135001499988103
}