{
  "timestamp": 1645034848957,
  "totalSupply": 14844138.092283864,
  "moreBalance": 16447556.89547539,
  "cachedAPR": 8.97,
  "currentRatio": 1.108016968935704
}