{
  "timestamp": 1645034848957,
  "totalSupply": 8755335.860275151,
  "moreBalance": 9224834.05654745,
  "cachedAPR": 23.54,
  "currentRatio": 1.0536242359819128
}