{
  "timestamp": 1645034848957,
  "totalSupply": 12566965.7137431,
  "moreBalance": 13611242.755038477,
  "cachedAPR": 10.84,
  "currentRatio": 1.0830969913567414
}