{
  "timestamp": 1645034848957,
  "totalSupply": 4044100.538414779,
  "moreBalance": 4220984.880750855,
  "cachedAPR": 42.61,
  "currentRatio": 1.0437388587785734
}