{
  "timestamp": 1645034848957,
  "totalSupply": 3924811.064343516,
  "moreBalance": 4083335.5492360387,
  "cachedAPR": 44.04,
  "currentRatio": 1.0403903480431709
}