{
  "timestamp": 1645034848957,
  "totalSupply": 13476410.250145288,
  "moreBalance": 14654787.440687418,
  "cachedAPR": 10.07,
  "currentRatio": 1.0874399909671364
}