{
  "timestamp": 1645034848957,
  "totalSupply": 2970431.2007091646,
  "moreBalance": 3041776.4504391016,
  "cachedAPR": 59.12,
  "currentRatio": 1.0240184824724787
}