{
  "timestamp": 1645034848957,
  "totalSupply": 8646802.231658915,
  "moreBalance": 9123848.120081404,
  "cachedAPR": 23.8,
  "currentRatio": 1.0551702092452004
}