{
  "timestamp": 1645034848957,
  "totalSupply": 9475099.38456321,
  "moreBalance": 10018535.39277053,
  "cachedAPR": 18.14,
  "currentRatio": 1.0573541222261673
}