{
  "timestamp": 1645034848957,
  "totalSupply": 12776396.234166859,
  "moreBalance": 13851665.07451813,
  "cachedAPR": 10.65,
  "currentRatio": 1.0841605739712241
}