{
  "timestamp": 1645034848957,
  "totalSupply": 3973085.162040794,
  "moreBalance": 4410523.216861301,
  "cachedAPR": 106.93,
  "currentRatio": 1.11010034695451
}