{
  "timestamp": 1645034848957,
  "totalSupply": 13278671.352211362,
  "moreBalance": 14517833.524633115,
  "cachedAPR": 10.17,
  "currentRatio": 1.0933197410760067
}