{
  "timestamp": 1645034848957,
  "totalSupply": 5611689.467276205,
  "moreBalance": 5882091.200212766,
  "cachedAPR": 30.29,
  "currentRatio": 1.0481854412139824
}