{
  "timestamp": 1645034848957,
  "totalSupply": 6433604.24800339,
  "moreBalance": 6757595.559341605,
  "cachedAPR": 26.36,
  "currentRatio": 1.0503592230496246
}