{
  "timestamp": 1645034848957,
  "totalSupply": 3325219.551264969,
  "moreBalance": 3450108.4550102833,
  "cachedAPR": 52.13,
  "currentRatio": 1.0375580925770163
}