{
  "timestamp": 1645034848957,
  "totalSupply": 2873095.6705537406,
  "moreBalance": 2942103.0685586897,
  "cachedAPR": 61.13,
  "currentRatio": 1.0240184824724785
}