{
  "timestamp": 1645034848957,
  "totalSupply": 13182132.560820716,
  "moreBalance": 14305193.238246229,
  "cachedAPR": 10.32,
  "currentRatio": 1.085195674694049
}