{
  "timestamp": 1645034848957,
  "totalSupply": 15403479.877493154,
  "moreBalance": 17079441.294769462,
  "cachedAPR": 8.64,
  "currentRatio": 1.1088040774296166
}