{
  "timestamp": 1645034848957,
  "totalSupply": 12888890.091924138,
  "moreBalance": 13973626.479912497,
  "cachedAPR": 10.56,
  "currentRatio": 1.0841605739712241
}