{
  "timestamp": 1645034848957,
  "totalSupply": 9108951.7439806,
  "moreBalance": 9678623.45698588,
  "cachedAPR": 15.57,
  "currentRatio": 1.0625397662669287
}