{
  "timestamp": 1645034848957,
  "totalSupply": 6838724.957891541,
  "moreBalance": 7591670.948481866,
  "cachedAPR": 16.01,
  "currentRatio": 1.11010034695451
}