{
  "timestamp": 1645034848957,
  "totalSupply": 14032787.853589373,
  "moreBalance": 15342323.982660867,
  "cachedAPR": 9.62,
  "currentRatio": 1.093319741076007
}