{
  "timestamp": 1645034848957,
  "totalSupply": 9295605.916292747,
  "moreBalance": 9822092.836102225,
  "cachedAPR": 22.59,
  "currentRatio": 1.0566382573175446
}