{
  "timestamp": 1645034848957,
  "totalSupply": 10168898.004773159,
  "moreBalance": 10850157.125494989,
  "cachedAPR": 13.6,
  "currentRatio": 1.0669943901887948
}