{
  "timestamp": 1645034848957,
  "totalSupply": 12568137.064563895,
  "moreBalance": 13612511.441588301,
  "cachedAPR": 10.84,
  "currentRatio": 1.0830969913567414
}