{
  "timestamp": 1645034848957,
  "totalSupply": 12568121.560340926,
  "moreBalance": 13612494.649011051,
  "cachedAPR": 10.84,
  "currentRatio": 1.0830969913567414
}