{
  "timestamp": 1645034848957,
  "totalSupply": 7523191.338653612,
  "moreBalance": 7917248.109607123,
  "cachedAPR": 27.43,
  "currentRatio": 1.0523789377692516
}