{
  "timestamp": 1645034848957,
  "totalSupply": 8692517.875590561,
  "moreBalance": 9175436.527225742,
  "cachedAPR": 23.67,
  "currentRatio": 1.055555669662902
}