{
  "timestamp": 1645034848957,
  "totalSupply": 15239986.669085648,
  "moreBalance": 16917914.488934085,
  "cachedAPR": 7.18,
  "currentRatio": 1.11010034695451
}