{
  "timestamp": 1645034848957,
  "totalSupply": 13117974.7280207,
  "moreBalance": 14235569.435593907,
  "cachedAPR": 10.37,
  "currentRatio": 1.085195674694049
}