{
  "timestamp": 1645034848957,
  "totalSupply": 12534992.410047535,
  "moreBalance": 13589944.566002075,
  "cachedAPR": 10.86,
  "currentRatio": 1.0841605739712241
}