{
  "timestamp": 1645034848957,
  "totalSupply": 12535911.992606593,
  "moreBalance": 13590941.541157117,
  "cachedAPR": 10.86,
  "currentRatio": 1.0841605739712241
}