{
  "timestamp": 1645034848957,
  "totalSupply": 11230878.525717989,
  "moreBalance": 12062838.976064874,
  "cachedAPR": 12.23,
  "currentRatio": 1.0740779493288748
}