{
  "timestamp": 1645034848957,
  "totalSupply": 11119206.483115539,
  "moreBalance": 11919593.454012197,
  "cachedAPR": 12.38,
  "currentRatio": 1.071982382206144
}