{
  "timestamp": 1645034848957,
  "totalSupply": 8107992.971008731,
  "moreBalance": 8539609.034703456,
  "cachedAPR": 25.43,
  "currentRatio": 1.0532334037829125
}