{
  "timestamp": 1645034848957,
  "totalSupply": 8635776.169178642,
  "moreBalance": 9105548.601641979,
  "cachedAPR": 23.85,
  "currentRatio": 1.0543984030225295
}