{
  "timestamp": 1645034848957,
  "totalSupply": 9217348.1572515,
  "moreBalance": 9766136.345613355,
  "cachedAPR": 15.62,
  "currentRatio": 1.0595386198936307
}