{
  "timestamp": 1645034848957,
  "totalSupply": 11135661.88220624,
  "moreBalance": 11937233.3519296,
  "cachedAPR": 12.36,
  "currentRatio": 1.071982382206144
}