{
  "timestamp": 1645034848957,
  "totalSupply": 12790133.049101302,
  "moreBalance": 13866557.987681992,
  "cachedAPR": 10.64,
  "currentRatio": 1.0841605739712243
}