{
  "timestamp": 1645034848957,
  "totalSupply": 11428091.894392202,
  "moreBalance": 12287994.094543956,
  "cachedAPR": 12.01,
  "currentRatio": 1.075244599719548
}