{
  "timestamp": 1645034848957,
  "totalSupply": 3382998.1333614094,
  "moreBalance": 3506670.66258114,
  "cachedAPR": 51.29,
  "currentRatio": 1.036557078763992
}