{
  "timestamp": 1645034848957,
  "totalSupply": 9198519.408938041,
  "moreBalance": 9746186.559610989,
  "cachedAPR": 15.65,
  "currentRatio": 1.059538619893631
}