{
  "timestamp": 1645034848957,
  "totalSupply": 9347115.611565152,
  "moreBalance": 9883211.222812979,
  "cachedAPR": 18.39,
  "currentRatio": 1.0573541222261675
}