{
  "timestamp": 1645034848957,
  "totalSupply": 11509013.395879155,
  "moreBalance": 12415058.411414454,
  "cachedAPR": 11.89,
  "currentRatio": 1.0787248206574953
}