{
  "timestamp": 1645034848957,
  "totalSupply": 8316848.009891964,
  "moreBalance": 8818057.040987844,
  "cachedAPR": 17.3,
  "currentRatio": 1.0602643009106032
}