{
  "timestamp": 1645034848957,
  "totalSupply": 15223680.813821543,
  "moreBalance": 16899813.353348013,
  "cachedAPR": 7.19,
  "currentRatio": 1.11010034695451
}