{
  "timestamp": 1645034848957,
  "totalSupply": 9310194.435832117,
  "moreBalance": 9840840.929652685,
  "cachedAPR": 22.55,
  "currentRatio": 1.0569962848228251
}