{
  "timestamp": 1645034848957,
  "totalSupply": 16680433.301912557,
  "moreBalance": 18516954.795804694,
  "cachedAPR": 6.56,
  "currentRatio": 1.11010034695451
}