{
  "timestamp": 1645034848957,
  "totalSupply": 4275642.725060257,
  "moreBalance": 4746392.472542918,
  "cachedAPR": 25.61,
  "currentRatio": 1.11010034695451
}