{
  "timestamp": 1645034848957,
  "totalSupply": 15445306.919873506,
  "moreBalance": 17003764.796708856,
  "cachedAPR": 8.68,
  "currentRatio": 1.1009017098151723
}