{
  "timestamp": 1645034848957,
  "totalSupply": 16707488.84654667,
  "moreBalance": 18546989.165290065,
  "cachedAPR": 6.55,
  "currentRatio": 1.11010034695451
}