{
  "timestamp": 1645034848957,
  "totalSupply": 9537365.088366546,
  "moreBalance": 10074210.750967361,
  "cachedAPR": 21.56,
  "currentRatio": 1.056288676969664
}