{
  "timestamp": 1645034848957,
  "totalSupply": 3971817.4657377824,
  "moreBalance": 4142244.973742927,
  "cachedAPR": 43.42,
  "currentRatio": 1.042909199497537
}