{
  "timestamp": 1645034848957,
  "totalSupply": 8952842.48261292,
  "moreBalance": 9506092.17335995,
  "cachedAPR": 15.85,
  "currentRatio": 1.0617959817590312
}