{
  "timestamp": 1645034848957,
  "totalSupply": 12914004.280330282,
  "moreBalance": 14014221.587994855,
  "cachedAPR": 10.53,
  "currentRatio": 1.0851956746940488
}