{
  "timestamp": 1645034848957,
  "totalSupply": 13729574.658225998,
  "moreBalance": 14999080.059884194,
  "cachedAPR": 9.84,
  "currentRatio": 1.0924650204584145
}