{
  "timestamp": 1645034848957,
  "totalSupply": 12972904.731499033,
  "moreBalance": 14078140.102840712,
  "cachedAPR": 10.48,
  "currentRatio": 1.085195674694049
}