{
  "timestamp": 1645034848957,
  "totalSupply": 3924725.950547351,
  "moreBalance": 4083246.997664023,
  "cachedAPR": 44.04,
  "currentRatio": 1.0403903480431709
}