{
  "timestamp": 1645034848957,
  "totalSupply": 11406285.650348218,
  "moreBalance": 12317452.510312732,
  "cachedAPR": 11.98,
  "currentRatio": 1.079882872294777
}