{
  "timestamp": 1645034848957,
  "totalSupply": 6154219.697410354,
  "moreBalance": 6457505.410497498,
  "cachedAPR": 27.59,
  "currentRatio": 1.049280936982923
}