{
  "timestamp": 1645034848957,
  "totalSupply": 10897450.88090332,
  "moreBalance": 11662099.037705114,
  "cachedAPR": 12.66,
  "currentRatio": 1.070167616735191
}