{
  "timestamp": 1645034848957,
  "totalSupply": 6449558.147109228,
  "moreBalance": 6774352.884411024,
  "cachedAPR": 26.3,
  "currentRatio": 1.0503592230496244
}