{
  "timestamp": 1645034848957,
  "totalSupply": 6220039.167398381,
  "moreBalance": 6529901.599474199,
  "cachedAPR": 27.28,
  "currentRatio": 1.0498167975693669
}