{
  "timestamp": 1645034848957,
  "totalSupply": 2941108.2853581486,
  "moreBalance": 3025879.7158396533,
  "cachedAPR": 59.43,
  "currentRatio": 1.0288229545656398
}