{
  "timestamp": 1645034848957,
  "totalSupply": 2029148.0775383192,
  "moreBalance": 2056541.880954884,
  "cachedAPR": 84.77,
  "currentRatio": 1.0135001499988103
}