{
  "timestamp": 1645034848957,
  "totalSupply": 15428890.069482388,
  "moreBalance": 17107616.21925539,
  "cachedAPR": 7.1,
  "currentRatio": 1.1088040774296166
}