{
  "timestamp": 1645034848957,
  "totalSupply": 8239229.242087094,
  "moreBalance": 8677831.459191097,
  "cachedAPR": 25.02,
  "currentRatio": 1.0532334037829125
}