{
  "timestamp": 1645034848957,
  "totalSupply": 13391098.032254798,
  "moreBalance": 14640751.83334824,
  "cachedAPR": 10.08,
  "currentRatio": 1.093319741076007
}