{
  "timestamp": 1645034848957,
  "totalSupply": 8710071.803319171,
  "moreBalance": 9248319.241596935,
  "cachedAPR": 16.29,
  "currentRatio": 1.0617959817590312
}