{
  "timestamp": 1645034848957,
  "totalSupply": 15486130.30134867,
  "moreBalance": 17048707.3271753,
  "cachedAPR": 8.66,
  "currentRatio": 1.1009017098151723
}