{
  "timestamp": 1645034848957,
  "totalSupply": 6428116.669908322,
  "moreBalance": 6751831.631077245,
  "cachedAPR": 26.39,
  "currentRatio": 1.0503592230496244
}