{
  "timestamp": 1645034848957,
  "totalSupply": 13090490.800423304,
  "moreBalance": 14205743.996241607,
  "cachedAPR": 10.39,
  "currentRatio": 1.0851956746940488
}