{
  "timestamp": 1645034848957,
  "totalSupply": 9436507.134440618,
  "moreBalance": 9977729.718017425,
  "cachedAPR": 18.21,
  "currentRatio": 1.0573541222261673
}