{
  "timestamp": 1645034848957,
  "totalSupply": 13429130.674800644,
  "moreBalance": 14573234.523194833,
  "cachedAPR": 10.13,
  "currentRatio": 1.085195674694049
}