{
  "timestamp": 1645034848957,
  "totalSupply": 15331186.306002188,
  "moreBalance": 16999281.88792833,
  "cachedAPR": 8.68,
  "currentRatio": 1.1088040774296166
}