{
  "timestamp": 1645034848957,
  "totalSupply": 15385800.501777694,
  "moreBalance": 17059838.330889747,
  "cachedAPR": 8.65,
  "currentRatio": 1.1088040774296166
}