{
  "timestamp": 1645034848957,
  "totalSupply": 10093510.059539437,
  "moreBalance": 10769718.610842748,
  "cachedAPR": 13.7,
  "currentRatio": 1.0669943901887948
}