{
  "timestamp": 1645034848957,
  "totalSupply": 10509280.208415912,
  "moreBalance": 11203355.311602246,
  "cachedAPR": 13.17,
  "currentRatio": 1.0660440191356315
}