{
  "timestamp": 1645034848957,
  "totalSupply": 11517312.291127235,
  "moreBalance": 12410655.369809972,
  "cachedAPR": 11.89,
  "currentRatio": 1.0775652388423083
}