{
  "timestamp": 1645034848957,
  "totalSupply": 6406270.701148859,
  "moreBalance": 6728885.516304289,
  "cachedAPR": 26.48,
  "currentRatio": 1.0503592230496246
}