{
  "timestamp": 1645034848957,
  "totalSupply": 15106708.447095178,
  "moreBalance": 16738489.304145792,
  "cachedAPR": 8.82,
  "currentRatio": 1.1080169689357038
}