{
  "timestamp": 1645034848957,
  "totalSupply": 14382957.331435459,
  "moreBalance": 15794160.653104862,
  "cachedAPR": 9.34,
  "currentRatio": 1.098116353205406
}