{
  "timestamp": 1645034848957,
  "totalSupply": 9199106.860531699,
  "moreBalance": 9753484.604483575,
  "cachedAPR": 15.64,
  "currentRatio": 1.0602643009106032
}