{
  "timestamp": 1645034848957,
  "totalSupply": 7858936.021473479,
  "moreBalance": 8724207.604131008,
  "cachedAPR": 13.93,
  "currentRatio": 1.11010034695451
}