{
  "timestamp": 1645034848957,
  "totalSupply": 11218226.625150383,
  "moreBalance": 12049249.848648109,
  "cachedAPR": 12.25,
  "currentRatio": 1.074077949328875
}