{
  "timestamp": 1645034848957,
  "totalSupply": 11517270.558488613,
  "moreBalance": 12410610.400169268,
  "cachedAPR": 11.89,
  "currentRatio": 1.0775652388423083
}