{
  "timestamp": 1645034848957,
  "totalSupply": 14235971.011446154,
  "moreBalance": 15564468.140199848,
  "cachedAPR": 9.48,
  "currentRatio": 1.0933197410760067
}