{
  "timestamp": 1645034848957,
  "totalSupply": 6154184.28750303,
  "moreBalance": 6457468.255556763,
  "cachedAPR": 27.59,
  "currentRatio": 1.0492809369829232
}