{
  "timestamp": 1645034848957,
  "totalSupply": 12917549.053164044,
  "moreBalance": 14018068.360141829,
  "cachedAPR": 10.53,
  "currentRatio": 1.085195674694049
}