{
  "timestamp": 1645034848957,
  "totalSupply": 13649028.32792009,
  "moreBalance": 14922752.117420675,
  "cachedAPR": 9.89,
  "currentRatio": 1.0933197410760067
}