{
  "timestamp": 1645034848957,
  "totalSupply": 11497248.253974719,
  "moreBalance": 12389035.06082358,
  "cachedAPR": 11.91,
  "currentRatio": 1.0775652388423083
}