{
  "timestamp": 1645034848957,
  "totalSupply": 13030586.801376116,
  "moreBalance": 14140736.435578723,
  "cachedAPR": 10.44,
  "currentRatio": 1.085195674694049
}