{
  "timestamp": 1645034848957,
  "totalSupply": 13429621.49028715,
  "moreBalance": 14573767.154037863,
  "cachedAPR": 10.13,
  "currentRatio": 1.085195674694049
}