{
  "timestamp": 1645034848957,
  "totalSupply": 9250772.745380297,
  "moreBalance": 9849558.401899286,
  "cachedAPR": 15.3,
  "currentRatio": 1.0647281770939636
}