{
  "timestamp": 1645034848957,
  "totalSupply": 13074115.329350423,
  "moreBalance": 14187973.405862242,
  "cachedAPR": 10.4,
  "currentRatio": 1.085195674694049
}