{
  "timestamp": 1645034848957,
  "totalSupply": 3967424.04555568,
  "moreBalance": 4149576.1034788406,
  "cachedAPR": 43.34,
  "currentRatio": 1.0459119206395917
}