{
  "timestamp": 1645034848957,
  "totalSupply": 2270653.0832590475,
  "moreBalance": 2306762.2306030192,
  "cachedAPR": 78.47,
  "currentRatio": 1.015902538177318
}