{
  "timestamp": 1645034848957,
  "totalSupply": 3483230.4854131155,
  "moreBalance": 3607233.9942758777,
  "cachedAPR": 49.86,
  "currentRatio": 1.0356001445732796
}