{
  "timestamp": 1645034848957,
  "totalSupply": 9358004.625713727,
  "moreBalance": 9901251.557459205,
  "cachedAPR": 18.35,
  "currentRatio": 1.058051577603708
}