{
  "timestamp": 1645034848957,
  "totalSupply": 12919680.601182878,
  "moreBalance": 14020381.50683227,
  "cachedAPR": 10.53,
  "currentRatio": 1.085195674694049
}