{
  "timestamp": 1645034848957,
  "totalSupply": 11427587.996011177,
  "moreBalance": 12274120.28053095,
  "cachedAPR": 12.02,
  "currentRatio": 1.0740779493288748
}