{
  "timestamp": 1645034848957,
  "totalSupply": 3699412.92337866,
  "moreBalance": 3845684.5787813556,
  "cachedAPR": 46.76,
  "currentRatio": 1.0395391534906318
}