{
  "timestamp": 1645034848957,
  "totalSupply": 13366450.884917824,
  "moreBalance": 14505214.686323265,
  "cachedAPR": 10.17,
  "currentRatio": 1.085195674694049
}