{
  "timestamp": 1645034848957,
  "totalSupply": 10897450.88090332,
  "moreBalance": 11648767.037705114,
  "cachedAPR": 12.67,
  "currentRatio": 1.068944211358493
}