{
  "timestamp": 1645034848957,
  "totalSupply": 13636128.41288792,
  "moreBalance": 14878168.065866064,
  "cachedAPR": 9.92,
  "currentRatio": 1.0910844790669656
}