{
  "timestamp": 1645034848957,
  "totalSupply": 8712601.632279407,
  "moreBalance": 9199976.953718415,
  "cachedAPR": 23.6,
  "currentRatio": 1.0559391261082482
}