{
  "timestamp": 1645034848957,
  "totalSupply": 13074115.000619687,
  "moreBalance": 14187973.049125068,
  "cachedAPR": 10.4,
  "currentRatio": 1.085195674694049
}