{
  "timestamp": 1645034848957,
  "totalSupply": 3033594.6020810767,
  "moreBalance": 3128032.462532464,
  "cachedAPR": 57.49,
  "currentRatio": 1.0311306792234538
}