{
  "timestamp": 1645034848957,
  "totalSupply": 2875057.0197521895,
  "moreBalance": 2944111.526388484,
  "cachedAPR": 61.09,
  "currentRatio": 1.0240184824724785
}