{
  "timestamp": 1645034848957,
  "totalSupply": 12988823.803947091,
  "moreBalance": 14095415.411406485,
  "cachedAPR": 10.47,
  "currentRatio": 1.0851956746940488
}