{
  "timestamp": 1645034848957,
  "totalSupply": 9091818.403455151,
  "moreBalance": 9660418.601348598,
  "cachedAPR": 15.6,
  "currentRatio": 1.0625397662669287
}