{
  "timestamp": 1645034848957,
  "totalSupply": 6741773.559962877,
  "moreBalance": 7088211.452343715,
  "cachedAPR": 25.13,
  "currentRatio": 1.0513867588846675
}