{
  "timestamp": 1645034848957,
  "totalSupply": 13984182.398112264,
  "moreBalance": 15289182.678663753,
  "cachedAPR": 9.65,
  "currentRatio": 1.093319741076007
}