{
  "timestamp": 1645034848957,
  "totalSupply": 12912202.63189643,
  "moreBalance": 14012266.446907122,
  "cachedAPR": 10.53,
  "currentRatio": 1.085195674694049
}