{
  "timestamp": 1644768948261,
  "totalSupply": 1128357.2371710436,
  "moreBalance": 1139640.8095427542,
  "cachedAPR": 19.5080477478,
  "currentRatio": 1.01
}