{
  "timestamp": 1645034848957,
  "totalSupply": 2595414.0805873983,
  "moreBalance": 2663944.5550316665,
  "cachedAPR": 67.51,
  "currentRatio": 1.0264044473507512
}