{
  "timestamp": 1645034848957,
  "totalSupply": 2759757.108443141,
  "moreBalance": 2842636.5238926914,
  "cachedAPR": 63.27,
  "currentRatio": 1.0300314166040159
}