{
  "timestamp": 1645034848957,
  "totalSupply": 8647714.052070208,
  "moreBalance": 9128143.597286258,
  "cachedAPR": 23.79,
  "currentRatio": 1.0555556696629023
}