{
  "timestamp": 1645034848957,
  "totalSupply": 13279596.92384178,
  "moreBalance": 14518845.47036843,
  "cachedAPR": 10.17,
  "currentRatio": 1.0933197410760067
}