{
  "timestamp": 1645034848957,
  "totalSupply": 15470550.493711188,
  "moreBalance": 17153809.467507735,
  "cachedAPR": 8.6,
  "currentRatio": 1.1088040774296166
}