{
  "timestamp": 1645034848957,
  "totalSupply": 9981321.607126407,
  "moreBalance": 10560753.072990075,
  "cachedAPR": 17.21,
  "currentRatio": 1.058051577603708
}