{
  "timestamp": 1645034848957,
  "totalSupply": 9176811.84720489,
  "moreBalance": 9723186.559610989,
  "cachedAPR": 15.69,
  "currentRatio": 1.0595386198936307
}