{
  "timestamp": 1645034848957,
  "totalSupply": 14703818.883521246,
  "moreBalance": 16146503.970565133,
  "cachedAPR": 9.14,
  "currentRatio": 1.098116353205406
}