{
  "timestamp": 1645034848957,
  "totalSupply": 9208433.667906001,
  "moreBalance": 9756691.099875169,
  "cachedAPR": 15.63,
  "currentRatio": 1.0595386198936307
}