{
  "timestamp": 1645034848957,
  "totalSupply": 4219206.483129967,
  "moreBalance": 4683742.580795294,
  "cachedAPR": 25.95,
  "currentRatio": 1.1101003469545099
}