{
  "timestamp": 1645034848957,
  "totalSupply": 15239832.553960757,
  "moreBalance": 16885993.073527265,
  "cachedAPR": 8.74,
  "currentRatio": 1.1080169689357038
}