{
  "timestamp": 1645034848957,
  "totalSupply": 11203830.534238616,
  "moreBalance": 12033787.324843245,
  "cachedAPR": 12.26,
  "currentRatio": 1.0740779493288748
}