{
  "timestamp": 1645034848957,
  "totalSupply": 11104372.641418215,
  "moreBalance": 11869954.855811616,
  "cachedAPR": 12.43,
  "currentRatio": 1.0689442113584928
}