{
  "timestamp": 1645034848957,
  "totalSupply": 12876464.161068417,
  "moreBalance": 13973483.212944383,
  "cachedAPR": 10.56,
  "currentRatio": 1.085195674694049
}