{
  "timestamp": 1645034848957,
  "totalSupply": 13164276.005733354,
  "moreBalance": 14285815.381900486,
  "cachedAPR": 10.33,
  "currentRatio": 1.0851956746940488
}