{
  "timestamp": 1645034848957,
  "totalSupply": 12989523.520490518,
  "moreBalance": 14096174.740772925,
  "cachedAPR": 10.47,
  "currentRatio": 1.085195674694049
}