{
  "timestamp": 1645034848957,
  "totalSupply": 6718546.527820137,
  "moreBalance": 7063790.85830065,
  "cachedAPR": 25.22,
  "currentRatio": 1.0513867588846673
}