{
  "timestamp": 1645034848957,
  "totalSupply": 3915821.5248912335,
  "moreBalance": 4073982.919156531,
  "cachedAPR": 44.14,
  "currentRatio": 1.0403903480431709
}