{
  "timestamp": 1645034848957,
  "totalSupply": 9175395.792956594,
  "moreBalance": 9728344.605997212,
  "cachedAPR": 15.68,
  "currentRatio": 1.0602643009106032
}