{
  "timestamp": 1645034848957,
  "totalSupply": 14502506.388008725,
  "moreBalance": 15925439.427138243,
  "cachedAPR": 9.27,
  "currentRatio": 1.098116353205406
}