{
  "timestamp": 1645034848957,
  "totalSupply": 5157043.725601401,
  "moreBalance": 5405538.152879304,
  "cachedAPR": 32.96,
  "currentRatio": 1.0481854412139824
}