{
  "timestamp": 1645034848957,
  "totalSupply": 13118058.125226952,
  "moreBalance": 14235659.937881414,
  "cachedAPR": 10.37,
  "currentRatio": 1.085195674694049
}