{
  "timestamp": 1645034848957,
  "totalSupply": 8925166.023370795,
  "moreBalance": 9453316.135541566,
  "cachedAPR": 18.84,
  "currentRatio": 1.059175382372473
}