{
  "timestamp": 1645034848957,
  "totalSupply": 2302201.945744954,
  "moreBalance": 2342145.0384041434,
  "cachedAPR": 77.29,
  "currentRatio": 1.0173499517420763
}