{
  "timestamp": 1645034848957,
  "totalSupply": 16737217.075066546,
  "moreBalance": 18579990.482084323,
  "cachedAPR": 6.54,
  "currentRatio": 1.11010034695451
}