{
  "timestamp": 1645034848957,
  "totalSupply": 2970534.889141662,
  "moreBalance": 3045215.629310397,
  "cachedAPR": 59.06,
  "currentRatio": 1.0251405026218405
}