{
  "timestamp": 1645034848957,
  "totalSupply": 10043021.457256936,
  "moreBalance": 10715847.555438844,
  "cachedAPR": 13.77,
  "currentRatio": 1.0669943901887948
}