{
  "timestamp": 1645034848957,
  "totalSupply": 13143593.453494696,
  "moreBalance": 14263370.765669461,
  "cachedAPR": 10.35,
  "currentRatio": 1.085195674694049
}