{
  "timestamp": 1645034848957,
  "totalSupply": 10503297.375455987,
  "moreBalance": 11196977.348307827,
  "cachedAPR": 13.18,
  "currentRatio": 1.0660440191356313
}