{
  "timestamp": 1645034848957,
  "totalSupply": 9537435.286003632,
  "moreBalance": 10074284.899936566,
  "cachedAPR": 21.55,
  "currentRatio": 1.056288676969664
}