{
  "timestamp": 1645034848957,
  "totalSupply": 12975495.682446523,
  "moreBalance": 14080951.791602273,
  "cachedAPR": 10.48,
  "currentRatio": 1.085195674694049
}