{
  "timestamp": 1645034848957,
  "totalSupply": 2600870.9744904325,
  "moreBalance": 2672878.5352024618,
  "cachedAPR": 67.28,
  "currentRatio": 1.027685941139828
}