{
  "timestamp": 1645034848957,
  "totalSupply": 7435889.845013585,
  "moreBalance": 7825373.856464561,
  "cachedAPR": 27.75,
  "currentRatio": 1.0523789377692516
}