{
  "timestamp": 1645034848957,
  "totalSupply": 6915179.03055996,
  "moreBalance": 7676542.641077164,
  "cachedAPR": 15.83,
  "currentRatio": 1.11010034695451
}