{
  "timestamp": 1645034848957,
  "totalSupply": 15428890.069482388,
  "moreBalance": 17127616.21925539,
  "cachedAPR": 7.1,
  "currentRatio": 1.1101003469545099
}