{
  "timestamp": 1645034848957,
  "totalSupply": 3355725.7112222523,
  "moreBalance": 3475190.0316900364,
  "cachedAPR": 51.75,
  "currentRatio": 1.0356001445732796
}