{
  "timestamp": 1645034848957,
  "totalSupply": 14103443.845499815,
  "moreBalance": 15419573.57344186,
  "cachedAPR": 9.57,
  "currentRatio": 1.0933197410760067
}