{
  "timestamp": 1645034848957,
  "totalSupply": 6734773.559962877,
  "moreBalance": 7080851.745031523,
  "cachedAPR": 25.16,
  "currentRatio": 1.0513867588846675
}