{
  "timestamp": 1645034848957,
  "totalSupply": 13673471.942534056,
  "moreBalance": 14937789.805438023,
  "cachedAPR": 9.88,
  "currentRatio": 1.0924650204584145
}