{
  "timestamp": 1645034848957,
  "totalSupply": 8338555.571625116,
  "moreBalance": 8841072.793753318,
  "cachedAPR": 17.25,
  "currentRatio": 1.0602643009106032
}