{
  "timestamp": 1645034848957,
  "totalSupply": 12770271.915834539,
  "moreBalance": 13845025.330039779,
  "cachedAPR": 10.66,
  "currentRatio": 1.0841605739712243
}