{
  "timestamp": 1645034848957,
  "totalSupply": 2316433.730487041,
  "moreBalance": 2358263.289975518,
  "cachedAPR": 76.51,
  "currentRatio": 1.0180577406286007
}