{
  "timestamp": 1645034848957,
  "totalSupply": 16465517.062512811,
  "moreBalance": 18278376.203880876,
  "cachedAPR": 6.65,
  "currentRatio": 1.11010034695451
}