{
  "timestamp": 1645034848957,
  "totalSupply": 13649029.160768902,
  "moreBalance": 14922753.027990723,
  "cachedAPR": 9.89,
  "currentRatio": 1.093319741076007
}