{
  "timestamp": 1645034848957,
  "totalSupply": 4380809.497988809,
  "moreBalance": 4588926.822968174,
  "cachedAPR": 42.35,
  "currentRatio": 1.0475065909793406
}