{
  "timestamp": 1645034848957,
  "totalSupply": 9427785.38494929,
  "moreBalance": 10038028.746950168,
  "cachedAPR": 15.01,
  "currentRatio": 1.0647281770939636
}