{
  "timestamp": 1645034848957,
  "totalSupply": 8148518.972153332,
  "moreBalance": 8582292.372830695,
  "cachedAPR": 25.3,
  "currentRatio": 1.0532334037829125
}