{
  "timestamp": 1645034848957,
  "totalSupply": 9271566.928554904,
  "moreBalance": 9809796.015615882,
  "cachedAPR": 18.52,
  "currentRatio": 1.058051577603708
}