{
  "timestamp": 1645034848957,
  "totalSupply": 8516346.141453072,
  "moreBalance": 8969700.234356094,
  "cachedAPR": 24.21,
  "currentRatio": 1.0532334037829127
}