{
  "timestamp": 1645034848957,
  "totalSupply": 5961652.277721836,
  "moreBalance": 6248917.123088205,
  "cachedAPR": 28.51,
  "currentRatio": 1.0481854412139822
}