{
  "timestamp": 1645034848957,
  "totalSupply": 2887235.8169833613,
  "moreBalance": 2956582.8398474883,
  "cachedAPR": 60.83,
  "currentRatio": 1.0240184824724785
}