{
  "timestamp": 1645034848957,
  "totalSupply": 9358366.915224198,
  "moreBalance": 9901634.87844731,
  "cachedAPR": 18.35,
  "currentRatio": 1.058051577603708
}