{
  "timestamp": 1645034848957,
  "totalSupply": 2904176.164346951,
  "moreBalance": 2973930.0686473083,
  "cachedAPR": 60.47,
  "currentRatio": 1.0240184824724785
}