{
  "timestamp": 1645034848957,
  "totalSupply": 8645925.880163081,
  "moreBalance": 9122923.420090172,
  "cachedAPR": 23.8,
  "currentRatio": 1.0551702092452004
}