{
  "timestamp": 1645034848957,
  "totalSupply": 13239705.811821267,
  "moreBalance": 14367671.481210101,
  "cachedAPR": 10.27,
  "currentRatio": 1.085195674694049
}