{
  "timestamp": 1645034848957,
  "totalSupply": 13586834.178251088,
  "moreBalance": 14824383.891546333,
  "cachedAPR": 9.96,
  "currentRatio": 1.0910844790669658
}