{
  "timestamp": 1645034848957,
  "totalSupply": 2712769.2054594047,
  "moreBalance": 2790959.229015428,
  "cachedAPR": 64.44,
  "currentRatio": 1.0288229545656398
}