{
  "timestamp": 1645034848957,
  "totalSupply": 9535403.848643783,
  "moreBalance": 10082298.566454764,
  "cachedAPR": 18.02,
  "currentRatio": 1.0573541222261673
}