{
  "timestamp": 1645034848957,
  "totalSupply": 6444111.887378925,
  "moreBalance": 7153610.841993027,
  "cachedAPR": 16.99,
  "currentRatio": 1.11010034695451
}