{
  "timestamp": 1645034848957,
  "totalSupply": 13416889.856374804,
  "moreBalance": 14575062.584223282,
  "cachedAPR": 10.13,
  "currentRatio": 1.0863219971428917
}