{
  "timestamp": 1645034848957,
  "totalSupply": 9426424.807177342,
  "moreBalance": 10036580.101459248,
  "cachedAPR": 15.01,
  "currentRatio": 1.0647281770939634
}