{
  "timestamp": 1645034848957,
  "totalSupply": 3941921.467375117,
  "moreBalance": 4101137.047401245,
  "cachedAPR": 43.85,
  "currentRatio": 1.040390348043171
}