{
  "timestamp": 1645034848957,
  "totalSupply": 16451639.362500703,
  "moreBalance": 18262970.564282503,
  "cachedAPR": 6.66,
  "currentRatio": 1.1101003469545099
}