{
  "timestamp": 1645034848957,
  "totalSupply": 9067261.323320733,
  "moreBalance": 9640973.722238727,
  "cachedAPR": 15.63,
  "currentRatio": 1.0632729529303873
}