{
  "timestamp": 1645034848957,
  "totalSupply": 9169124.131188601,
  "moreBalance": 9756013.450225912,
  "cachedAPR": 15.45,
  "currentRatio": 1.0640071298676193
}