{
  "timestamp": 1645034848957,
  "totalSupply": 11429450.090572588,
  "moreBalance": 12289454.487652276,
  "cachedAPR": 12.01,
  "currentRatio": 1.075244599719548
}