{
  "timestamp": 1645034848957,
  "totalSupply": 13200355.797802161,
  "moreBalance": 14324969.016197417,
  "cachedAPR": 10.3,
  "currentRatio": 1.085195674694049
}