{
  "timestamp": 1645034848957,
  "totalSupply": 6059537.277465217,
  "moreBalance": 6351518.754732451,
  "cachedAPR": 28.05,
  "currentRatio": 1.0481854412139824
}