{
  "timestamp": 1645034848957,
  "totalSupply": 15493555.181193491,
  "moreBalance": 17076936.19759125,
  "cachedAPR": 8.64,
  "currentRatio": 1.1021961065669232
}