{
  "timestamp": 1645034848957,
  "totalSupply": 4912209.290026404,
  "moreBalance": 5148906.262001749,
  "cachedAPR": 34.6,
  "currentRatio": 1.0481854412139824
}