{
  "timestamp": 1645034848957,
  "totalSupply": 7687087.356993784,
  "moreBalance": 8093152.07062066,
  "cachedAPR": 26.83,
  "currentRatio": 1.05282426161808
}