{
  "timestamp": 1645034848957,
  "totalSupply": 13029951.685790366,
  "moreBalance": 14140047.210892135,
  "cachedAPR": 10.44,
  "currentRatio": 1.085195674694049
}