{
  "timestamp": 1645034848957,
  "totalSupply": 12888184.55230255,
  "moreBalance": 13986202.130817385,
  "cachedAPR": 10.55,
  "currentRatio": 1.085195674694049
}