{
  "timestamp": 1645034848957,
  "totalSupply": 3470974.3730358817,
  "moreBalance": 3594541.562526108,
  "cachedAPR": 50.03,
  "currentRatio": 1.0356001445732799
}