{
  "timestamp": 1645034848957,
  "totalSupply": 3976463.2638071417,
  "moreBalance": 4147090.119288469,
  "cachedAPR": 43.37,
  "currentRatio": 1.042909199497537
}