{
  "timestamp": 1644768948261,
  "totalSupply": 1152685.695932879,
  "moreBalance": 1164212.5528922079,
  "cachedAPR": 19.5080477478,
  "currentRatio": 1.01
}