{
  "timestamp": 1645034848957,
  "totalSupply": 13025482.046717769,
  "moreBalance": 14135196.777903112,
  "cachedAPR": 10.44,
  "currentRatio": 1.085195674694049
}