{
  "timestamp": 1645034848957,
  "totalSupply": 2613355.0320835854,
  "moreBalance": 2679056.091119483,
  "cachedAPR": 67.13,
  "currentRatio": 1.0251405026218405
}