{
  "timestamp": 1644768948261,
  "totalSupply": 1135038.538731785,
  "moreBalance": 1146388.9241191028,
  "cachedAPR": 19.5080477478,
  "currentRatio": 1.01
}