{
  "timestamp": 1645034848957,
  "totalSupply": 3049667.019066473,
  "moreBalance": 3158235.6058456027,
  "cachedAPR": 56.94,
  "currentRatio": 1.0356001445732799
}