{
  "timestamp": 1645034848957,
  "totalSupply": 8903043.81714564,
  "moreBalance": 9423227.09353756,
  "cachedAPR": 18.9,
  "currentRatio": 1.058427576801334
}