{
  "timestamp": 1645034848957,
  "totalSupply": 12539203.539687281,
  "moreBalance": 13581173.627845097,
  "cachedAPR": 10.87,
  "currentRatio": 1.0830969913567414
}