{
  "timestamp": 1645034848957,
  "totalSupply": 15243168.039152117,
  "moreBalance": 16921446.128948666,
  "cachedAPR": 7.18,
  "currentRatio": 1.11010034695451
}