{
  "timestamp": 1645034848957,
  "totalSupply": 3977085.186676588,
  "moreBalance": 4147738.7283703927,
  "cachedAPR": 43.36,
  "currentRatio": 1.042909199497537
}