{
  "timestamp": 1645034848957,
  "totalSupply": 7411718.78804236,
  "moreBalance": 7799936.7452044245,
  "cachedAPR": 27.84,
  "currentRatio": 1.0523789377692516
}