{
  "timestamp": 1645034848957,
  "totalSupply": 11513819.47003357,
  "moreBalance": 12433576.440383377,
  "cachedAPR": 11.87,
  "currentRatio": 1.0798828722947769
}