{
  "timestamp": 1645034848957,
  "totalSupply": 8448964.095348705,
  "moreBalance": 9379197.973652797,
  "cachedAPR": 12.96,
  "currentRatio": 1.1101003469545103
}