{
  "timestamp": 1645034848957,
  "totalSupply": 4144803.453520044,
  "moreBalance": 4601147.751810852,
  "cachedAPR": 102.5,
  "currentRatio": 1.11010034695451
}