{
  "timestamp": 1645034848957,
  "totalSupply": 6709621.892222246,
  "moreBalance": 7054407.614605157,
  "cachedAPR": 25.25,
  "currentRatio": 1.0513867588846675
}