{
  "timestamp": 1645034848957,
  "totalSupply": 15269496.8168116,
  "moreBalance": 16950673.714163344,
  "cachedAPR": 7.17,
  "currentRatio": 1.11010034695451
}