{
  "timestamp": 1645034848957,
  "totalSupply": 11497250.71548864,
  "moreBalance": 12402369.716119744,
  "cachedAPR": 11.9,
  "currentRatio": 1.0787248206574953
}