{
  "timestamp": 1645034848957,
  "totalSupply": 15516977.57866881,
  "moreBalance": 17102752.272895012,
  "cachedAPR": 8.63,
  "currentRatio": 1.1021961065669237
}