{
  "timestamp": 1645034848957,
  "totalSupply": 12928915.660183933,
  "moreBalance": 14030403.352915758,
  "cachedAPR": 10.52,
  "currentRatio": 1.085195674694049
}