{
  "timestamp": 1645034848957,
  "totalSupply": 12979803.469486132,
  "moreBalance": 14085626.58346516,
  "cachedAPR": 10.48,
  "currentRatio": 1.085195674694049
}