{
  "timestamp": 1645034848957,
  "totalSupply": 9096780.713409487,
  "moreBalance": 9679039.537909944,
  "cachedAPR": 15.57,
  "currentRatio": 1.0640071298676195
}