{
  "timestamp": 1645034848957,
  "totalSupply": 13490883.38195083,
  "moreBalance": 14749849.126041085,
  "cachedAPR": 10.01,
  "currentRatio": 1.093319741076007
}