{
  "timestamp": 1645034848957,
  "totalSupply": 2143367.959640476,
  "moreBalance": 2182072.3423273163,
  "cachedAPR": 82.69,
  "currentRatio": 1.0180577406286004
}