{
  "timestamp": 1645034848957,
  "totalSupply": 3840144.7020493015,
  "moreBalance": 4262945.966100453,
  "cachedAPR": 110.63,
  "currentRatio": 1.11010034695451
}