{
  "timestamp": 1645034848957,
  "totalSupply": 4268310.12477828,
  "moreBalance": 4455001.138549112,
  "cachedAPR": 40.37,
  "currentRatio": 1.0437388587785732
}