{
  "timestamp": 1645034848957,
  "totalSupply": 10349267.830171404,
  "moreBalance": 11026109.072787018,
  "cachedAPR": 13.67,
  "currentRatio": 1.0653999156000589
}