{
  "timestamp": 1645034848957,
  "totalSupply": 15495765.47975361,
  "moreBalance": 17201854.635400202,
  "cachedAPR": 7.07,
  "currentRatio": 1.11010034695451
}