{
  "timestamp": 1645034848957,
  "totalSupply": 12868569.925205806,
  "moreBalance": 13951596.156299962,
  "cachedAPR": 10.58,
  "currentRatio": 1.0841605739712243
}