{
  "timestamp": 1645034848957,
  "totalSupply": 8541954.989238428,
  "moreBalance": 9000010.799328228,
  "cachedAPR": 24.13,
  "currentRatio": 1.053624235981913
}