{
  "timestamp": 1645034848957,
  "totalSupply": 13046774.27649863,
  "moreBalance": 14158303.013565894,
  "cachedAPR": 10.42,
  "currentRatio": 1.085195674694049
}