{
  "timestamp": 1645034848957,
  "totalSupply": 4635434.89787592,
  "moreBalance": 4855648.607580673,
  "cachedAPR": 40.03,
  "currentRatio": 1.0475065909793406
}