{
  "timestamp": 1645034848957,
  "totalSupply": 2990441.197943214,
  "moreBalance": 3093632.8549263338,
  "cachedAPR": 58.13,
  "currentRatio": 1.0345071680573736
}