{
  "timestamp": 1645034848957,
  "totalSupply": 16452528.267425554,
  "moreBalance": 18263957.33794799,
  "cachedAPR": 6.65,
  "currentRatio": 1.11010034695451
}