{
  "timestamp": 1645034848957,
  "totalSupply": 8610544.81819388,
  "moreBalance": 9078944.705457546,
  "cachedAPR": 23.92,
  "currentRatio": 1.0543984030225297
}