{
  "timestamp": 1645034848957,
  "totalSupply": 4050622.030670714,
  "moreBalance": 4496596.921629142,
  "cachedAPR": 104.88,
  "currentRatio": 1.11010034695451
}