{
  "timestamp": 1645034848957,
  "totalSupply": 10314669.619702956,
  "moreBalance": 11019077.12889576,
  "cachedAPR": 13.39,
  "currentRatio": 1.0682918149745924
}