{
  "timestamp": 1645034848957,
  "totalSupply": 15221567.887372995,
  "moreBalance": 16897467.79296439,
  "cachedAPR": 7.19,
  "currentRatio": 1.11010034695451
}