{
  "timestamp": 1645034848957,
  "totalSupply": 15366867.035501381,
  "moreBalance": 16874607.989217144,
  "cachedAPR": 8.75,
  "currentRatio": 1.098116353205406
}