{
  "timestamp": 1645034848957,
  "totalSupply": 8647281.628401756,
  "moreBalance": 9127687.150031326,
  "cachedAPR": 23.79,
  "currentRatio": 1.055555669662902
}