{
  "timestamp": 1645034848957,
  "totalSupply": 5944930.620100165,
  "moreBalance": 6231389.725016205,
  "cachedAPR": 28.59,
  "currentRatio": 1.0481854412139824
}