{
  "timestamp": 1645034848957,
  "totalSupply": 9185854.175724968,
  "moreBalance": 9739433.255891778,
  "cachedAPR": 15.66,
  "currentRatio": 1.060264300910603
}