{
  "timestamp": 1645034848957,
  "totalSupply": 15538343.06557291,
  "moreBalance": 17168302.326692875,
  "cachedAPR": 8.6,
  "currentRatio": 1.104899168092854
}