{
  "timestamp": 1645034848957,
  "totalSupply": 16689431.769674208,
  "moreBalance": 18526943.99798896,
  "cachedAPR": 6.56,
  "currentRatio": 1.11010034695451
}