{
  "timestamp": 1645034848957,
  "totalSupply": 9532186.095749017,
  "moreBalance": 10068740.239707356,
  "cachedAPR": 21.57,
  "currentRatio": 1.056288676969664
}