{
  "timestamp": 1645034848957,
  "totalSupply": 12906909.233329656,
  "moreBalance": 14006522.073678026,
  "cachedAPR": 10.54,
  "currentRatio": 1.085195674694049
}