{
  "timestamp": 1645034848957,
  "totalSupply": 5381835.99202473,
  "moreBalance": 5974378.001998922,
  "cachedAPR": 20.34,
  "currentRatio": 1.1101003469545099
}