{
  "timestamp": 1645034848957,
  "totalSupply": 15223382.891380392,
  "moreBalance": 16899482.629542727,
  "cachedAPR": 7.19,
  "currentRatio": 1.11010034695451
}