{
  "timestamp": 1645034848957,
  "totalSupply": 8679765.654908983,
  "moreBalance": 9161975.84838451,
  "cachedAPR": 23.7,
  "currentRatio": 1.0555556696629023
}