{
  "timestamp": 1645034848957,
  "totalSupply": 13159520.324329117,
  "moreBalance": 14280654.537010387,
  "cachedAPR": 10.33,
  "currentRatio": 1.085195674694049
}