{
  "timestamp": 1645034848957,
  "totalSupply": 13163355.123076381,
  "moreBalance": 14284816.044024238,
  "cachedAPR": 10.33,
  "currentRatio": 1.085195674694049
}