{
  "timestamp": 1645034848957,
  "totalSupply": 9515417.590852806,
  "moreBalance": 10047701.735440165,
  "cachedAPR": 21.61,
  "currentRatio": 1.0559391261082482
}