{
  "timestamp": 1645034848957,
  "totalSupply": 15524029.976600535,
  "moreBalance": 17110525.398437317,
  "cachedAPR": 8.63,
  "currentRatio": 1.1021961065669235
}