{
  "timestamp": 1645034848957,
  "totalSupply": 9185953.031955753,
  "moreBalance": 9732871.99788611,
  "cachedAPR": 15.67,
  "currentRatio": 1.0595386198936307
}