{
  "timestamp": 1645034848957,
  "totalSupply": 13416889.856374804,
  "moreBalance": 14590062.584223282,
  "cachedAPR": 10.12,
  "currentRatio": 1.0874399909671364
}