{
  "timestamp": 1645034848957,
  "totalSupply": 5841090.509013336,
  "moreBalance": 6122546.032360948,
  "cachedAPR": 29.1,
  "currentRatio": 1.0481854412139822
}