{
  "timestamp": 1645034848957,
  "totalSupply": 10387884.737897275,
  "moreBalance": 11104069.258834528,
  "cachedAPR": 13.29,
  "currentRatio": 1.068944211358493
}