{
  "timestamp": 1645034848957,
  "totalSupply": 15224463.14126623,
  "moreBalance": 16718231.94419739,
  "cachedAPR": 8.83,
  "currentRatio": 1.098116353205406
}