{
  "timestamp": 1645034848957,
  "totalSupply": 14971009.954790669,
  "moreBalance": 16588133.072013406,
  "cachedAPR": 8.9,
  "currentRatio": 1.108016968935704
}