{
  "timestamp": 1645034848957,
  "totalSupply": 12534992.410047535,
  "moreBalance": 13576612.566002075,
  "cachedAPR": 10.87,
  "currentRatio": 1.0830969913567414
}