{
  "timestamp": 1645034848957,
  "totalSupply": 12566566.616495023,
  "moreBalance": 13610810.494009824,
  "cachedAPR": 10.84,
  "currentRatio": 1.0830969913567414
}