{
  "timestamp": 1645034848957,
  "totalSupply": 6487364.987831784,
  "moreBalance": 6820729.648258329,
  "cachedAPR": 26.12,
  "currentRatio": 1.0513867588846673
}