{
  "timestamp": 1645034848957,
  "totalSupply": 6161815.925206859,
  "moreBalance": 6465475.987517349,
  "cachedAPR": 27.55,
  "currentRatio": 1.049280936982923
}