{
  "timestamp": 1645034848957,
  "totalSupply": 15414074.798642857,
  "moreBalance": 17111169.781956203,
  "cachedAPR": 7.1,
  "currentRatio": 1.1101003469545099
}