{
  "timestamp": 1645034848957,
  "totalSupply": 15343634.645269237,
  "moreBalance": 16849096.121579178,
  "cachedAPR": 8.76,
  "currentRatio": 1.098116353205406
}