{
  "timestamp": 1645034848957,
  "totalSupply": 3000327.6627459666,
  "moreBalance": 3103860.4736315287,
  "cachedAPR": 57.94,
  "currentRatio": 1.0345071680573736
}