{
  "timestamp": 1645034848957,
  "totalSupply": 7432035.815330854,
  "moreBalance": 7821317.956800918,
  "cachedAPR": 27.76,
  "currentRatio": 1.0523789377692516
}