{
  "timestamp": 1645034848957,
  "totalSupply": 13581581.870749395,
  "moreBalance": 14849011.574330317,
  "cachedAPR": 9.94,
  "currentRatio": 1.0933197410760067
}