{
  "timestamp": 1645034848957,
  "totalSupply": 2459028.3973763296,
  "moreBalance": 2510589.7556072962,
  "cachedAPR": 71.87,
  "currentRatio": 1.0209681833223154
}