{
  "timestamp": 1645034848957,
  "totalSupply": 15334746.70197028,
  "moreBalance": 17003229.669495013,
  "cachedAPR": 8.68,
  "currentRatio": 1.1088040774296166
}