{
  "timestamp": 1645034848957,
  "totalSupply": 1934062.702681363,
  "moreBalance": 1960172.8392746658,
  "cachedAPR": 88.94,
  "currentRatio": 1.0135001499988103
}