{
  "timestamp": 1645034848957,
  "totalSupply": 3966228.319709834,
  "moreBalance": 4126425.6619615955,
  "cachedAPR": 43.58,
  "currentRatio": 1.0403903480431709
}