{
  "timestamp": 1645034848957,
  "totalSupply": 10063938.70539937,
  "moreBalance": 10728601.665838588,
  "cachedAPR": 14.05,
  "currentRatio": 1.0660440191356315
}