{
  "timestamp": 1645034848957,
  "totalSupply": 7411723.946469828,
  "moreBalance": 7799942.173824843,
  "cachedAPR": 27.84,
  "currentRatio": 1.0523789377692516
}