{
  "timestamp": 1644768948261,
  "totalSupply": 1750414.942308433,
  "moreBalance": 1767919.091731517,
  "cachedAPR": 19.5080477478,
  "currentRatio": 1.01
}