{
  "timestamp": 1645034848957,
  "totalSupply": 14501584.667430729,
  "moreBalance": 15924427.27069846,
  "cachedAPR": 9.27,
  "currentRatio": 1.098116353205406
}