{
  "timestamp": 1645034848957,
  "totalSupply": 11508942.637252996,
  "moreBalance": 12414982.082328139,
  "cachedAPR": 11.89,
  "currentRatio": 1.0787248206574953
}