{
  "timestamp": 1644768948261,
  "totalSupply": 202962.9848282942,
  "moreBalance": 204992.61467657716,
  "cachedAPR": 19.5080477478,
  "currentRatio": 1.01
}
