{
  "timestamp": 1645034848957,
  "totalSupply": 13032361.873161098,
  "moreBalance": 14142662.735802056,
  "cachedAPR": 10.44,
  "currentRatio": 1.0851956746940488
}