{
  "timestamp": 1645034848957,
  "totalSupply": 6734651.6768351095,
  "moreBalance": 7087405.577913643,
  "cachedAPR": 25.14,
  "currentRatio": 1.0523789377692518
}