{
  "timestamp": 1645034848957,
  "totalSupply": 7468839.05447736,
  "moreBalance": 7860048.910520386,
  "cachedAPR": 27.63,
  "currentRatio": 1.0523789377692516
}