{
  "timestamp": 1645034848957,
  "totalSupply": 1839244.8175555025,
  "moreBalance": 1860970.5987310577,
  "cachedAPR": 20.375780032734966,
  "currentRatio": 1.0118123378509396
}