{
  "timestamp": 1645034848957,
  "totalSupply": 2605897.708890785,
  "moreBalance": 2678044.439475548,
  "cachedAPR": 67.15,
  "currentRatio": 1.027685941139828
}