{
  "timestamp": 1645034848957,
  "totalSupply": 2931363.8030443564,
  "moreBalance": 3012521.368754865,
  "cachedAPR": 59.7,
  "currentRatio": 1.027685941139828
}