{
  "timestamp": 1645034848957,
  "totalSupply": 8691991.073440343,
  "moreBalance": 9174880.45822929,
  "cachedAPR": 23.67,
  "currentRatio": 1.0555556696629023
}