{
  "timestamp": 1645034848957,
  "totalSupply": 9199643.744223041,
  "moreBalance": 9747377.836267157,
  "cachedAPR": 15.65,
  "currentRatio": 1.059538619893631
}