{
  "timestamp": 1645034848957,
  "totalSupply": 12868831.04341396,
  "moreBalance": 13951879.250366386,
  "cachedAPR": 10.58,
  "currentRatio": 1.0841605739712241
}