{
  "timestamp": 1645034848957,
  "totalSupply": 6731773.556327192,
  "moreBalance": 7077697.580932357,
  "cachedAPR": 25.17,
  "currentRatio": 1.0513867588846675
}