{
  "timestamp": 1645034848957,
  "totalSupply": 16427586.97472,
  "moreBalance": 18236270.00026206,
  "cachedAPR": 6.67,
  "currentRatio": 1.1101003469545099
}