{
  "timestamp": 1645034848957,
  "totalSupply": 2994369.656447881,
  "moreBalance": 3097696.873408828,
  "cachedAPR": 58.06,
  "currentRatio": 1.0345071680573736
}