{
  "timestamp": 1645034848957,
  "totalSupply": 12501778.500504028,
  "moreBalance": 13540638.680504307,
  "cachedAPR": 10.9,
  "currentRatio": 1.0830969913567414
}