{
  "timestamp": 1645034848957,
  "totalSupply": 8698975.93575499,
  "moreBalance": 9229881.045172721,
  "cachedAPR": 16.33,
  "currentRatio": 1.0610307596363817
}