{
  "timestamp": 1645034848957,
  "totalSupply": 9579831.846541176,
  "moreBalance": 10135956.198411135,
  "cachedAPR": 17.93,
  "currentRatio": 1.058051577603708
}