{
  "timestamp": 1645034848957,
  "totalSupply": 12974873.590945683,
  "moreBalance": 14080276.700596299,
  "cachedAPR": 10.48,
  "currentRatio": 1.085195674694049
}