{
  "timestamp": 1645034848957,
  "totalSupply": 11451007.47725819,
  "moreBalance": 12312633.951270036,
  "cachedAPR": 11.99,
  "currentRatio": 1.075244599719548
}