{
  "timestamp": 1645034848957,
  "totalSupply": 13663262.087743422,
  "moreBalance": 14907773.197360953,
  "cachedAPR": 9.9,
  "currentRatio": 1.0910844790669656
}