{
  "timestamp": 1645034848957,
  "totalSupply": 2029542.1108063199,
  "moreBalance": 2060274.880954884,
  "cachedAPR": 88.15,
  "currentRatio": 1.0151427112474913
}