{
  "timestamp": 1645034848957,
  "totalSupply": 4017311.7762709134,
  "moreBalance": 4193024.408722727,
  "cachedAPR": 42.89,
  "currentRatio": 1.0437388587785734
}