{
  "timestamp": 1645034848957,
  "totalSupply": 6896511.402388026,
  "moreBalance": 7655819.700566683,
  "cachedAPR": 15.88,
  "currentRatio": 1.11010034695451
}