{
  "timestamp": 1645034848957,
  "totalSupply": 4352989.789799332,
  "moreBalance": 4552843.9115735525,
  "cachedAPR": 39.5,
  "currentRatio": 1.045911920639592
}