{
  "timestamp": 1645034848957,
  "totalSupply": 8639854.848843014,
  "moreBalance": 9116517.448701842,
  "cachedAPR": 23.82,
  "currentRatio": 1.0551702092452004
}