{
  "timestamp": 1645034848957,
  "totalSupply": 12914712.48913519,
  "moreBalance": 14014990.133126725,
  "cachedAPR": 10.53,
  "currentRatio": 1.085195674694049
}