{
  "timestamp": 1645034848957,
  "totalSupply": 2068386.8319586937,
  "moreBalance": 2108953.627038552,
  "cachedAPR": 85.55,
  "currentRatio": 1.019612769938901
}