{
  "timestamp": 1645034848957,
  "totalSupply": 13069991.536273228,
  "moreBalance": 14183498.283451535,
  "cachedAPR": 10.41,
  "currentRatio": 1.085195674694049
}