{
  "timestamp": 1645034848957,
  "totalSupply": 9479694.925173786,
  "moreBalance": 10023394.506578982,
  "cachedAPR": 18.13,
  "currentRatio": 1.0573541222261673
}