{
  "timestamp": 1645034848957,
  "totalSupply": 2930651.7140184944,
  "moreBalance": 3011789.5648741466,
  "cachedAPR": 59.71,
  "currentRatio": 1.027685941139828
}