{
  "timestamp": 1645034848957,
  "totalSupply": 11071974.725546945,
  "moreBalance": 11868961.842018032,
  "cachedAPR": 12.43,
  "currentRatio": 1.071982382206144
}