{
  "timestamp": 1645034848957,
  "totalSupply": 13992417.016056614,
  "moreBalance": 15298185.749022529,
  "cachedAPR": 9.65,
  "currentRatio": 1.0933197410760067
}