{
  "timestamp": 1645034848957,
  "totalSupply": 15344734.175473116,
  "moreBalance": 16850303.5336769,
  "cachedAPR": 8.76,
  "currentRatio": 1.098116353205406
}