{
  "timestamp": 1645034848957,
  "totalSupply": 2989965.7514536525,
  "moreBalance": 3089808.0021248553,
  "cachedAPR": 58.2,
  "currentRatio": 1.033392439569805
}