{
  "timestamp": 1645034848957,
  "totalSupply": 3823783.2790251095,
  "moreBalance": 4244783.144724628,
  "cachedAPR": 111.11,
  "currentRatio": 1.11010034695451
}