{
  "timestamp": 1645034848957,
  "totalSupply": 8925111.147485953,
  "moreBalance": 9476647.153153323,
  "cachedAPR": 15.9,
  "currentRatio": 1.0617959817590314
}