{
  "timestamp": 1645034848957,
  "totalSupply": 11427587.996011177,
  "moreBalance": 12287452.28053095,
  "cachedAPR": 12.01,
  "currentRatio": 1.075244599719548
}