{
  "timestamp": 1645034848957,
  "totalSupply": 4292530.164385996,
  "moreBalance": 4483621.8270274345,
  "cachedAPR": 40.11,
  "currentRatio": 1.0445172556332571
}