{
  "timestamp": 1645034848957,
  "totalSupply": 12779014.699033322,
  "moreBalance": 13854503.910890676,
  "cachedAPR": 10.65,
  "currentRatio": 1.0841605739712241
}