{
  "timestamp": 1645034848957,
  "totalSupply": 5196114.353986406,
  "moreBalance": 5431199.870950847,
  "cachedAPR": 33.11,
  "currentRatio": 1.0452425602958653
}