{
  "timestamp": 1645034848957,
  "totalSupply": 15322196.624573454,
  "moreBalance": 16825554.680472784,
  "cachedAPR": 8.77,
  "currentRatio": 1.0981163532054061
}