{
  "timestamp": 1644768948261,
  "totalSupply": 202962.9848282942,
  "moreBalance": 204992.61467657716,
  "cachedAPR": 301.6437810558812,
  "currentRatio": 1.01
}