{
  "timestamp": 1645034848957,
  "totalSupply": 13279529.270967314,
  "moreBalance": 14518771.504145237,
  "cachedAPR": 10.17,
  "currentRatio": 1.0933197410760067
}