{
  "timestamp": 1645034848957,
  "totalSupply": 2986153.912223894,
  "moreBalance": 3085868.8762839674,
  "cachedAPR": 58.28,
  "currentRatio": 1.033392439569805
}