{
  "timestamp": 1645034848957,
  "totalSupply": 11517312.257654315,
  "moreBalance": 12410655.333740717,
  "cachedAPR": 11.89,
  "currentRatio": 1.0775652388423083
}