{
  "timestamp": 1644768948261,
  "totalSupply": 1565938.8323274709,
  "moreBalance": 1581598.2206507456,
  "cachedAPR": 19.5080477478,
  "currentRatio": 1.01
}