{
  "timestamp": 1645034848957,
  "totalSupply": 2751256.5781602394,
  "moreBalance": 2814145.9282712317,
  "cachedAPR": 63.91,
  "currentRatio": 1.0228584097209306
}