{
  "timestamp": 1645034848957,
  "totalSupply": 15233515.547034033,
  "moreBalance": 16910730.894099403,
  "cachedAPR": 7.19,
  "currentRatio": 1.11010034695451
}