{
  "timestamp": 1645034848957,
  "totalSupply": 15156506.80853125,
  "moreBalance": 16793666.733642153,
  "cachedAPR": 8.79,
  "currentRatio": 1.1080169689357038
}