{
  "timestamp": 1645034848957,
  "totalSupply": 8705987.439131735,
  "moreBalance": 9172839.364023304,
  "cachedAPR": 23.67,
  "currentRatio": 1.0536242359819128
}