{
  "timestamp": 1645034848957,
  "totalSupply": 10359392.338074237,
  "moreBalance": 11073612.47297598,
  "cachedAPR": 13.33,
  "currentRatio": 1.068944211358493
}