{
  "timestamp": 1645034848957,
  "totalSupply": 3969465.241450085,
  "moreBalance": 4136460.292696525,
  "cachedAPR": 43.48,
  "currentRatio": 1.0420699114587624
}