{
  "timestamp": 1645034848957,
  "totalSupply": 8697141.510430833,
  "moreBalance": 9227934.663477534,
  "cachedAPR": 16.53,
  "currentRatio": 1.0610307596363817
}