{
  "timestamp": 1645034848957,
  "totalSupply": 12790113.811921356,
  "moreBalance": 13866537.13148994,
  "cachedAPR": 10.64,
  "currentRatio": 1.0841605739712241
}