{
  "timestamp": 1645034848957,
  "totalSupply": 13069990.800423304,
  "moreBalance": 14183497.484910378,
  "cachedAPR": 10.41,
  "currentRatio": 1.0851956746940488
}