{
  "timestamp": 1645034848957,
  "totalSupply": 15490665.367374135,
  "moreBalance": 17196192.99887824,
  "cachedAPR": 7.07,
  "currentRatio": 1.11010034695451
}