{
  "timestamp": 1645034848957,
  "totalSupply": 6380831.1908491645,
  "moreBalance": 7083362.918819817,
  "cachedAPR": 17.16,
  "currentRatio": 1.11010034695451
}