{
  "timestamp": 1645034848957,
  "totalSupply": 11020897.582691733,
  "moreBalance": 11814208.044743817,
  "cachedAPR": 12.49,
  "currentRatio": 1.071982382206144
}