{
  "timestamp": 1645034848957,
  "totalSupply": 3323185.5804806803,
  "moreBalance": 3447998.0921629798,
  "cachedAPR": 52.16,
  "currentRatio": 1.0375580925770165
}