{
  "timestamp": 1645034848957,
  "totalSupply": 6084916.244309111,
  "moreBalance": 6378120.618291273,
  "cachedAPR": 27.93,
  "currentRatio": 1.0481854412139822
}