{
  "timestamp": 1645034848957,
  "totalSupply": 13201255.272633158,
  "moreBalance": 14325945.122393511,
  "cachedAPR": 10.3,
  "currentRatio": 1.085195674694049
}