{
  "timestamp": 1645034848957,
  "totalSupply": 15233534.193371447,
  "moreBalance": 16879014.383117836,
  "cachedAPR": 8.74,
  "currentRatio": 1.108016968935704
}