{
  "timestamp": 1645034848957,
  "totalSupply": 12888880.868352076,
  "moreBalance": 13973616.480079317,
  "cachedAPR": 10.56,
  "currentRatio": 1.0841605739712241
}