{
  "timestamp": 1645034848957,
  "totalSupply": 15532843.653117666,
  "moreBalance": 17120239.798379038,
  "cachedAPR": 8.62,
  "currentRatio": 1.1021961065669232
}