{
  "timestamp": 1645034848957,
  "totalSupply": 15090824.09717072,
  "moreBalance": 16720889.174888982,
  "cachedAPR": 8.83,
  "currentRatio": 1.108016968935704
}