{
  "timestamp": 1645034848957,
  "totalSupply": 8237003.308640899,
  "moreBalance": 8675487.031730969,
  "cachedAPR": 25.03,
  "currentRatio": 1.0532334037829127
}