{
  "timestamp": 1645034848957,
  "totalSupply": 2382043.5374633004,
  "moreBalance": 2431990.663038568,
  "cachedAPR": 74.19,
  "currentRatio": 1.0209681833223156
}