{
  "timestamp": 1645034848957,
  "totalSupply": 11216673.524433121,
  "moreBalance": 12047581.69741461,
  "cachedAPR": 12.25,
  "currentRatio": 1.074077949328875
}