{
  "timestamp": 1645034848957,
  "totalSupply": 13319283.60361299,
  "moreBalance": 14469030.764789434,
  "cachedAPR": 10.2,
  "currentRatio": 1.0863219971428917
}