{
  "timestamp": 1645034848957,
  "totalSupply": 15349270.059319949,
  "moreBalance": 16855284.461905345,
  "cachedAPR": 8.76,
  "currentRatio": 1.098116353205406
}