{
  "timestamp": 1645034848957,
  "totalSupply": 7529843.80330054,
  "moreBalance": 7924249.023285804,
  "cachedAPR": 27.4,
  "currentRatio": 1.0523789377692516
}