{
  "timestamp": 1645034848957,
  "totalSupply": 3047932.0228487593,
  "moreBalance": 3146149.3982808595,
  "cachedAPR": 57.16,
  "currentRatio": 1.0322242670426425
}