{
  "timestamp": 1645034848957,
  "totalSupply": 12776363.293996809,
  "moreBalance": 13851629.362084461,
  "cachedAPR": 10.65,
  "currentRatio": 1.0841605739712241
}