{
  "timestamp": 1645034848957,
  "totalSupply": 11350686.330380622,
  "moreBalance": 12191521.89721051,
  "cachedAPR": 12.11,
  "currentRatio": 1.0740779493288748
}