{
  "timestamp": 1645034848957,
  "totalSupply": 4258346.626839634,
  "moreBalance": 4460646.158289161,
  "cachedAPR": 43.57,
  "currentRatio": 1.0475065909793408
}