{
  "timestamp": 1645034848957,
  "totalSupply": 9175814.187300717,
  "moreBalance": 9722129.500412999,
  "cachedAPR": 15.69,
  "currentRatio": 1.0595386198936307
}