{
  "timestamp": 1645034848957,
  "totalSupply": 9535093.080587259,
  "moreBalance": 10071810.854876114,
  "cachedAPR": 21.56,
  "currentRatio": 1.056288676969664
}