{
  "timestamp": 1645034848957,
  "totalSupply": 5690371.190418754,
  "moreBalance": 6316883.032783807,
  "cachedAPR": 19.24,
  "currentRatio": 1.11010034695451
}