{
  "timestamp": 1645034848957,
  "totalSupply": 2893145.3542348007,
  "moreBalance": 2962634.3152158223,
  "cachedAPR": 60.7,
  "currentRatio": 1.0240184824724787
}