{
  "timestamp": 1645034848957,
  "totalSupply": 8515013.602391565,
  "moreBalance": 8968296.759704668,
  "cachedAPR": 24.21,
  "currentRatio": 1.0532334037829125
}