{
  "timestamp": 1645034848957,
  "totalSupply": 12961610.499271812,
  "moreBalance": 14065883.650878742,
  "cachedAPR": 10.49,
  "currentRatio": 1.085195674694049
}