{
  "timestamp": 1645034848957,
  "totalSupply": 3351114.2924990626,
  "moreBalance": 3470414.4457936133,
  "cachedAPR": 51.82,
  "currentRatio": 1.0356001445732796
}