{
  "timestamp": 1645034848957,
  "totalSupply": 15427192.94980366,
  "moreBalance": 17125732.246111214,
  "cachedAPR": 7.1,
  "currentRatio": 1.11010034695451
}