{
  "timestamp": 1645034848957,
  "totalSupply": 8547668.787909139,
  "moreBalance": 9006030.996087208,
  "cachedAPR": 24.11,
  "currentRatio": 1.0536242359819128
}