{
  "timestamp": 1645034848957,
  "totalSupply": 9309345.190680709,
  "moreBalance": 9839943.280682744,
  "cachedAPR": 22.55,
  "currentRatio": 1.0569962848228251
}