{
  "timestamp": 1645034848957,
  "totalSupply": 3291992.8806996187,
  "moreBalance": 3412338.523729855,
  "cachedAPR": 52.7,
  "currentRatio": 1.036557078763992
}