{
  "timestamp": 1645034848957,
  "totalSupply": 7491287.581068139,
  "moreBalance": 7887009.316106757,
  "cachedAPR": 27.53,
  "currentRatio": 1.0528242616180803
}