{
  "timestamp": 1645034848957,
  "totalSupply": 11020897.582691733,
  "moreBalance": 11800876.044743817,
  "cachedAPR": 12.51,
  "currentRatio": 1.0707726803737871
}