{
  "timestamp": 1645034848957,
  "totalSupply": 12765838.058226265,
  "moreBalance": 13840218.316430286,
  "cachedAPR": 10.66,
  "currentRatio": 1.0841605739712241
}