{
  "timestamp": 1645034848957,
  "totalSupply": 4017311.7762709134,
  "moreBalance": 4189691.408722727,
  "cachedAPR": 42.92,
  "currentRatio": 1.042909199497537
}