{
  "timestamp": 1645034848957,
  "totalSupply": 3968736.5161365885,
  "moreBalance": 4135700.9099736125,
  "cachedAPR": 43.49,
  "currentRatio": 1.0420699114587626
}