{
  "timestamp": 1645034848957,
  "totalSupply": 2636982.3962738626,
  "moreBalance": 2706610.459121133,
  "cachedAPR": 66.45,
  "currentRatio": 1.026404447350751
}