{
  "timestamp": 1645034848957,
  "totalSupply": 12236913.656788703,
  "moreBalance": 13584202.096053522,
  "cachedAPR": 8.95,
  "currentRatio": 1.11010034695451
}