{
  "timestamp": 1645034848957,
  "totalSupply": 14966021.03616167,
  "moreBalance": 16582605.265515836,
  "cachedAPR": 8.9,
  "currentRatio": 1.1080169689357038
}