{
  "timestamp": 1645034848957,
  "totalSupply": 8048084.973809296,
  "moreBalance": 8473219.119990338,
  "cachedAPR": 25.63,
  "currentRatio": 1.05282426161808
}