{
  "timestamp": 1645034848957,
  "totalSupply": 11345839.05558267,
  "moreBalance": 12186315.546235694,
  "cachedAPR": 12.11,
  "currentRatio": 1.074077949328875
}