{
  "timestamp": 1645034848957,
  "totalSupply": 15533227.089259516,
  "moreBalance": 17162649.688720223,
  "cachedAPR": 8.6,
  "currentRatio": 1.104899168092854
}