{
  "timestamp": 1645034848957,
  "totalSupply": 4179439.3476302396,
  "moreBalance": 4371325.435276627,
  "cachedAPR": 41.14,
  "currentRatio": 1.045911920639592
}