{
  "timestamp": 1645034848957,
  "totalSupply": 3896664.308330962,
  "moreBalance": 4075567.650814183,
  "cachedAPR": 44.13,
  "currentRatio": 1.045911920639592
}