{
  "timestamp": 1645034848957,
  "totalSupply": 12995560.20299032,
  "moreBalance": 14102725.722511213,
  "cachedAPR": 10.47,
  "currentRatio": 1.085195674694049
}