{
  "timestamp": 1645034848957,
  "totalSupply": 7489092.587169536,
  "moreBalance": 8313644.279391351,
  "cachedAPR": 14.62,
  "currentRatio": 1.1101003469545099
}