{
  "timestamp": 1645034848957,
  "totalSupply": 9314286.234110761,
  "moreBalance": 9845165.945231458,
  "cachedAPR": 18.46,
  "currentRatio": 1.0569962848228251
}