{
  "timestamp": 1645034848957,
  "totalSupply": 14871658.313672688,
  "moreBalance": 16431682.898938129,
  "cachedAPR": 8.98,
  "currentRatio": 1.104899168092854
}