{
  "timestamp": 1645034848957,
  "totalSupply": 4333537.145901512,
  "moreBalance": 4526454.3268218255,
  "cachedAPR": 39.73,
  "currentRatio": 1.0445172556332571
}