{
  "timestamp": 1645034848957,
  "totalSupply": 2595392.6943323566,
  "moreBalance": 2663922.6040843795,
  "cachedAPR": 67.51,
  "currentRatio": 1.0264044473507512
}