{
  "timestamp": 1645034848957,
  "totalSupply": 11464536.870431572,
  "moreBalance": 12327181.358217197,
  "cachedAPR": 11.97,
  "currentRatio": 1.075244599719548
}