{
  "timestamp": 1645034848957,
  "totalSupply": 15360419.211796286,
  "moreBalance": 17031695.45306794,
  "cachedAPR": 8.67,
  "currentRatio": 1.1088040774296166
}