{
  "timestamp": 1645034848957,
  "totalSupply": 3037012.2215411025,
  "moreBalance": 3131556.4748076075,
  "cachedAPR": 57.43,
  "currentRatio": 1.0311306792234538
}