{
  "timestamp": 1645034848957,
  "totalSupply": 15518738.695889384,
  "moreBalance": 17104693.369438734,
  "cachedAPR": 8.63,
  "currentRatio": 1.1021961065669235
}