{
  "timestamp": 1645034848957,
  "totalSupply": 12770323.195798315,
  "moreBalance": 13845080.925754739,
  "cachedAPR": 10.66,
  "currentRatio": 1.0841605739712241
}