{
  "timestamp": 1645034848957,
  "totalSupply": 8706241.841420835,
  "moreBalance": 9237590.394580798,
  "cachedAPR": 16.31,
  "currentRatio": 1.0610307596363815
}