{
  "timestamp": 1645034848957,
  "totalSupply": 9924905.259696929,
  "moreBalance": 10573993.22601969,
  "cachedAPR": 14.25,
  "currentRatio": 1.065399915600059
}