{
  "timestamp": 1645034848957,
  "totalSupply": 3834907.463204615,
  "moreBalance": 4257132.105441883,
  "cachedAPR": 110.78,
  "currentRatio": 1.11010034695451
}