{
  "timestamp": 1645034848957,
  "totalSupply": 12879905.989841586,
  "moreBalance": 13977218.270642063,
  "cachedAPR": 10.56,
  "currentRatio": 1.085195674694049
}