{
  "timestamp": 1645034848957,
  "totalSupply": 11532469.403726012,
  "moreBalance": 12426988.147467632,
  "cachedAPR": 11.88,
  "currentRatio": 1.0775652388423083
}