{
  "timestamp": 1645034848957,
  "totalSupply": 14820383.457526691,
  "moreBalance": 16421236.357073573,
  "cachedAPR": 8.99,
  "currentRatio": 1.108016968935704
}