{
  "timestamp": 1645034848957,
  "totalSupply": 15289751.859090544,
  "moreBalance": 16973158.843624778,
  "cachedAPR": 7.16,
  "currentRatio": 1.11010034695451
}