{
  "timestamp": 1645034848957,
  "totalSupply": 8698248.421934424,
  "moreBalance": 9229109.13063104,
  "cachedAPR": 16.33,
  "currentRatio": 1.0610307596363817
}