{
  "timestamp": 1645034848957,
  "totalSupply": 12307183.781083953,
  "moreBalance": 13290316.971376631,
  "cachedAPR": 11.1,
  "currentRatio": 1.0798828722947769
}