{
  "timestamp": 1645034848957,
  "totalSupply": 8889888.50459347,
  "moreBalance": 9409303.147950903,
  "cachedAPR": 19.12,
  "currentRatio": 1.0584275768013343
}