{
  "timestamp": 1645034848957,
  "totalSupply": 8559223.452725569,
  "moreBalance": 9018205.270976448,
  "cachedAPR": 24.08,
  "currentRatio": 1.053624235981913
}