{
  "timestamp": 1645034848957,
  "totalSupply": 8657265.87920086,
  "moreBalance": 9138226.082569659,
  "cachedAPR": 23.76,
  "currentRatio": 1.0555556696629023
}