{
  "timestamp": 1645034848957,
  "totalSupply": 9104859.149074256,
  "moreBalance": 9653557.120582726,
  "cachedAPR": 15.8,
  "currentRatio": 1.0602643009106032
}