{
  "timestamp": 1645034848957,
  "totalSupply": 15468886.843687685,
  "moreBalance": 17029723.975153197,
  "cachedAPR": 8.67,
  "currentRatio": 1.1009017098151723
}