{
  "timestamp": 1645034848957,
  "totalSupply": 6214316.849236866,
  "moreBalance": 6523894.213747204,
  "cachedAPR": 27.31,
  "currentRatio": 1.0498167975693666
}