{
  "timestamp": 1645034848957,
  "totalSupply": 10701983.416342068,
  "moreBalance": 11439823.222953442,
  "cachedAPR": 12.9,
  "currentRatio": 1.068944211358493
}