{
  "timestamp": 1645034848957,
  "totalSupply": 7573028.208821019,
  "moreBalance": 7973067.832164881,
  "cachedAPR": 27.24,
  "currentRatio": 1.05282426161808
}