{
  "timestamp": 1645034848957,
  "totalSupply": 11095296.004343104,
  "moreBalance": 11893961.842018032,
  "cachedAPR": 12.41,
  "currentRatio": 1.071982382206144
}