{
  "timestamp": 1645034848957,
  "totalSupply": 13290104.330869693,
  "moreBalance": 14530333.42589957,
  "cachedAPR": 10.16,
  "currentRatio": 1.093319741076007
}