{
  "timestamp": 1645034848957,
  "totalSupply": 8959407.029556692,
  "moreBalance": 9513062.382926913,
  "cachedAPR": 15.84,
  "currentRatio": 1.0617959817590312
}