{
  "timestamp": 1645034848957,
  "totalSupply": 14023641.398417752,
  "moreBalance": 15332323.982660867,
  "cachedAPR": 9.63,
  "currentRatio": 1.093319741076007
}