{
  "timestamp": 1645034848957,
  "totalSupply": 9295626.85849615,
  "moreBalance": 9822114.964435533,
  "cachedAPR": 22.59,
  "currentRatio": 1.0566382573175446
}