{
  "timestamp": 1645034848957,
  "totalSupply": 6698356.136653471,
  "moreBalance": 7042562.948371315,
  "cachedAPR": 25.3,
  "currentRatio": 1.0513867588846675
}