{
  "timestamp": 1645034848957,
  "totalSupply": 13398652.767316975,
  "moreBalance": 14649011.574330317,
  "cachedAPR": 10.07,
  "currentRatio": 1.0933197410760067
}