{
  "timestamp": 1645034848957,
  "totalSupply": 13312630.087374484,
  "moreBalance": 14554961.280168928,
  "cachedAPR": 10.14,
  "currentRatio": 1.0933197410760067
}