{
  "timestamp": 1645034848957,
  "totalSupply": 13433389.856374804,
  "moreBalance": 14592986.89717614,
  "cachedAPR": 10.11,
  "currentRatio": 1.0863219971428917
}