{
  "timestamp": 1644768948261,
  "totalSupply": 723939.8713483831,
  "moreBalance": 731179.270061867,
  "cachedAPR": 19.5080477478,
  "currentRatio": 1.01
}