{
  "timestamp": 1645034848957,
  "totalSupply": 9531721.487332923,
  "moreBalance": 10068249.479098212,
  "cachedAPR": 21.57,
  "currentRatio": 1.056288676969664
}