{
  "timestamp": 1645034848957,
  "totalSupply": 2240511.085856404,
  "moreBalance": 2284453.714328863,
  "cachedAPR": 78.98,
  "currentRatio": 1.019612769938901
}