{
  "timestamp": 1645034848957,
  "totalSupply": 7411697.84722348,
  "moreBalance": 7799914.707527696,
  "cachedAPR": 27.84,
  "currentRatio": 1.0523789377692518
}