{
  "timestamp": 1645034848957,
  "totalSupply": 4337525.780853754,
  "moreBalance": 4530620.524855863,
  "cachedAPR": 39.69,
  "currentRatio": 1.044517255633257
}