{
  "timestamp": 1645034848957,
  "totalSupply": 8755411.534485105,
  "moreBalance": 9224913.788729096,
  "cachedAPR": 23.54,
  "currentRatio": 1.0536242359819128
}