{
  "timestamp": 1645034848957,
  "totalSupply": 6118776.140310406,
  "moreBalance": 6420315.161693656,
  "cachedAPR": 27.75,
  "currentRatio": 1.049280936982923
}