{
  "timestamp": 1645034848957,
  "totalSupply": 12642978.515302427,
  "moreBalance": 13707018.843856135,
  "cachedAPR": 10.77,
  "currentRatio": 1.0841605739712241
}