{
  "timestamp": 1645034848957,
  "totalSupply": 12765842.866224332,
  "moreBalance": 13840223.529072229,
  "cachedAPR": 10.66,
  "currentRatio": 1.0841605739712241
}