{
  "timestamp": 1645034848957,
  "totalSupply": 8925147.101792345,
  "moreBalance": 9453296.094271475,
  "cachedAPR": 18.84,
  "currentRatio": 1.059175382372473
}