{
  "timestamp": 1645034848957,
  "totalSupply": 15323025.97078105,
  "moreBalance": 17010096.44655701,
  "cachedAPR": 7.15,
  "currentRatio": 1.1101003469545099
}