{
  "timestamp": 1645034848957,
  "totalSupply": 11358316.886488575,
  "moreBalance": 12199717.70926718,
  "cachedAPR": 12.1,
  "currentRatio": 1.074077949328875
}