{
  "timestamp": 1645034848957,
  "totalSupply": 2856007.128792114,
  "moreBalance": 2948039.865186002,
  "cachedAPR": 61,
  "currentRatio": 1.0322242670426427
}