{
  "timestamp": 1645034848957,
  "totalSupply": 11230873.76239109,
  "moreBalance": 12062833.859880487,
  "cachedAPR": 12.23,
  "currentRatio": 1.0740779493288748
}