{
  "timestamp": 1645034848957,
  "totalSupply": 9312866.01117985,
  "moreBalance": 9843664.774869863,
  "cachedAPR": 22.54,
  "currentRatio": 1.0569962848228251
}