{
  "timestamp": 1645034848957,
  "totalSupply": 9968404.03208755,
  "moreBalance": 10626757.498734444,
  "cachedAPR": 14.18,
  "currentRatio": 1.0660440191356313
}