{
  "timestamp": 1645034848957,
  "totalSupply": 8609118.84513998,
  "moreBalance": 9070776.2656881,
  "cachedAPR": 23.94,
  "currentRatio": 1.053624235981913
}