{
  "timestamp": 1645034848957,
  "totalSupply": 2862397.74394076,
  "moreBalance": 2954636.413223765,
  "cachedAPR": 60.87,
  "currentRatio": 1.0322242670426427
}