{
  "timestamp": 1645034848957,
  "totalSupply": 11002646.808187788,
  "moreBalance": 11761215.615234334,
  "cachedAPR": 12.55,
  "currentRatio": 1.0689442113584928
}