{
  "timestamp": 1645034848957,
  "totalSupply": 14772179.67206665,
  "moreBalance": 16221572.070384858,
  "cachedAPR": 9.1,
  "currentRatio": 1.098116353205406
}