{
  "timestamp": 1645034848957,
  "totalSupply": 11514103.171527177,
  "moreBalance": 12433882.804767167,
  "cachedAPR": 11.87,
  "currentRatio": 1.0798828722947769
}