{
  "timestamp": 1644768948261,
  "totalSupply": 453887.59010260727,
  "moreBalance": 458426.46600363334,
  "cachedAPR": 19.5080477478,
  "currentRatio": 1.01
}