{
  "timestamp": 1645034848957,
  "totalSupply": 9412863.210920118,
  "moreBalance": 9952729.718017425,
  "cachedAPR": 18.26,
  "currentRatio": 1.0573541222261675
}