{
  "timestamp": 1645034848957,
  "totalSupply": 14896963.969399618,
  "moreBalance": 16493015.006078413,
  "cachedAPR": 8.95,
  "currentRatio": 1.1071393500016042
}