{
  "timestamp": 1645034848957,
  "totalSupply": 8926686.204305647,
  "moreBalance": 9454926.273764512,
  "cachedAPR": 18.83,
  "currentRatio": 1.0591753823724728
}