{
  "timestamp": 1644768948261,
  "totalSupply": 1732877.699829982,
  "moreBalance": 1750206.4768282818,
  "cachedAPR": 19.5080477478,
  "currentRatio": 1.01
}