{
  "timestamp": 1645034848957,
  "totalSupply": 11509017.009546585,
  "moreBalance": 12415062.309567204,
  "cachedAPR": 11.89,
  "currentRatio": 1.0787248206574953
}