{
  "timestamp": 1645034848957,
  "totalSupply": 2271110.6467239456,
  "moreBalance": 2307227.0704883863,
  "cachedAPR": 78.46,
  "currentRatio": 1.015902538177318
}