{
  "timestamp": 1645034848957,
  "totalSupply": 8762774.761203066,
  "moreBalance": 9232671.86285417,
  "cachedAPR": 23.52,
  "currentRatio": 1.053624235981913
}