{
  "timestamp": 1645034848957,
  "totalSupply": 9142872.743882677,
  "moreBalance": 9728081.78696349,
  "cachedAPR": 15.49,
  "currentRatio": 1.0640071298676193
}