{
  "timestamp": 1645034848957,
  "totalSupply": 9357990.770800674,
  "moreBalance": 9901236.898246594,
  "cachedAPR": 18.35,
  "currentRatio": 1.058051577603708
}