{
  "timestamp": 1645034848957,
  "totalSupply": 10497729.717908474,
  "moreBalance": 11191041.980278708,
  "cachedAPR": 13.19,
  "currentRatio": 1.0660440191356315
}