{
  "timestamp": 1645034848957,
  "totalSupply": 16566980.90554179,
  "moreBalance": 18391011.251230687,
  "cachedAPR": 6.61,
  "currentRatio": 1.11010034695451
}