{
  "timestamp": 1645034848957,
  "totalSupply": 11519904.04728703,
  "moreBalance": 12440147.071144544,
  "cachedAPR": 11.86,
  "currentRatio": 1.0798828722947769
}