{
  "timestamp": 1645034848957,
  "totalSupply": 11211487.446940735,
  "moreBalance": 12018517.021445809,
  "cachedAPR": 12.28,
  "currentRatio": 1.071982382206144
}