{
  "timestamp": 1645034848957,
  "totalSupply": 13319303.268610165,
  "moreBalance": 14469052.12730844,
  "cachedAPR": 10.2,
  "currentRatio": 1.0863219971428917
}