{
  "timestamp": 1645034848957,
  "totalSupply": 15430580.821634147,
  "moreBalance": 16944573.139694165,
  "cachedAPR": 8.71,
  "currentRatio": 1.098116353205406
}