{
  "timestamp": 1645034848957,
  "totalSupply": 13717754.022574965,
  "moreBalance": 14986166.428915856,
  "cachedAPR": 9.85,
  "currentRatio": 1.0924650204584145
}