{
  "timestamp": 1645034848957,
  "totalSupply": 12551510.751330111,
  "moreBalance": 13607853.100368045,
  "cachedAPR": 10.85,
  "currentRatio": 1.0841605739712243
}