{
  "timestamp": 1645034848957,
  "totalSupply": 15537655.938323492,
  "moreBalance": 17248357.247992713,
  "cachedAPR": 7.05,
  "currentRatio": 1.11010034695451
}