{
  "timestamp": 1645034848957,
  "totalSupply": 4595310.318307385,
  "moreBalance": 4799880.922461619,
  "cachedAPR": 37.47,
  "currentRatio": 1.0445172556332571
}