{
  "timestamp": 1645034848957,
  "totalSupply": 12929248.647863923,
  "moreBalance": 14030764.709705811,
  "cachedAPR": 10.52,
  "currentRatio": 1.085195674694049
}