{
  "timestamp": 1645034848957,
  "totalSupply": 11147691.746255932,
  "moreBalance": 11966810.792061446,
  "cachedAPR": 12.33,
  "currentRatio": 1.0734788030069653
}