{
  "timestamp": 1645034848957,
  "totalSupply": 13144236.411443137,
  "moreBalance": 14264068.50085412,
  "cachedAPR": 10.35,
  "currentRatio": 1.085195674694049
}