{
  "timestamp": 1645034848957,
  "totalSupply": 8970089.184184467,
  "moreBalance": 9531076.46515687,
  "cachedAPR": 15.81,
  "currentRatio": 1.0625397662669287
}