{
  "timestamp": 1645034848957,
  "totalSupply": 12501762.611189999,
  "moreBalance": 13540621.470836086,
  "cachedAPR": 10.9,
  "currentRatio": 1.0830969913567414
}