{
  "timestamp": 1645034848957,
  "totalSupply": 16441676.33503613,
  "moreBalance": 18251910.604037363,
  "cachedAPR": 6.66,
  "currentRatio": 1.1101003469545099
}