{
  "timestamp": 1645034848957,
  "totalSupply": 15465907.60934607,
  "moreBalance": 17148661.418392655,
  "cachedAPR": 8.61,
  "currentRatio": 1.1088040774296166
}