{
  "timestamp": 1645034848957,
  "totalSupply": 9578816.253706958,
  "moreBalance": 10134881.648810688,
  "cachedAPR": 17.93,
  "currentRatio": 1.058051577603708
}