{
  "timestamp": 1645034848957,
  "totalSupply": 6100652.809758288,
  "moreBalance": 6394615.457089812,
  "cachedAPR": 27.86,
  "currentRatio": 1.0481854412139822
}