{
  "timestamp": 1645034848957,
  "totalSupply": 10697637.08975245,
  "moreBalance": 11435177.242304796,
  "cachedAPR": 12.91,
  "currentRatio": 1.0689442113584928
}