{
  "timestamp": 1645034848957,
  "totalSupply": 12384514.677465312,
  "moreBalance": 13373825.281878063,
  "cachedAPR": 11.04,
  "currentRatio": 1.0798828722947769
}