{
  "timestamp": 1645034848957,
  "totalSupply": 15533305.811246607,
  "moreBalance": 17162736.66857827,
  "cachedAPR": 8.6,
  "currentRatio": 1.104899168092854
}