{
  "timestamp": 1645034848957,
  "totalSupply": 15402349.236123975,
  "moreBalance": 17078187.635009207,
  "cachedAPR": 8.64,
  "currentRatio": 1.1088040774296168
}