{
  "timestamp": 1645034848957,
  "totalSupply": 15254362.6438091,
  "moreBalance": 16854532.594931383,
  "cachedAPR": 8.76,
  "currentRatio": 1.104899168092854
}