{
  "timestamp": 1645034848957,
  "totalSupply": 5196103.545029271,
  "moreBalance": 5431188.572968817,
  "cachedAPR": 33.11,
  "currentRatio": 1.0452425602958653
}