{
  "timestamp": 1645034848957,
  "totalSupply": 9515205.514258914,
  "moreBalance": 10060941.77433082,
  "cachedAPR": 18.06,
  "currentRatio": 1.0573541222261673
}