{
  "timestamp": 1645034848957,
  "totalSupply": 6214802.88117217,
  "moreBalance": 6524404.458237041,
  "cachedAPR": 27.31,
  "currentRatio": 1.0498167975693666
}