{
  "timestamp": 1645034848957,
  "totalSupply": 13547676.104372054,
  "moreBalance": 14745120.096358867,
  "cachedAPR": 10.01,
  "currentRatio": 1.0883874092325236
}