{
  "timestamp": 1645034848957,
  "totalSupply": 7484440.837309921,
  "moreBalance": 7879800.898165023,
  "cachedAPR": 27.56,
  "currentRatio": 1.05282426161808
}