{
  "timestamp": 1645034848957,
  "totalSupply": 13432534.49028715,
  "moreBalance": 14576928.329038247,
  "cachedAPR": 10.12,
  "currentRatio": 1.085195674694049
}