{
  "timestamp": 1645034848957,
  "totalSupply": 9314100.33321662,
  "moreBalance": 9844969.448677007,
  "cachedAPR": 18.46,
  "currentRatio": 1.0569962848228254
}