{
  "timestamp": 1645034848957,
  "totalSupply": 14848494.201477706,
  "moreBalance": 16439352.21872662,
  "cachedAPR": 8.98,
  "currentRatio": 1.1071393500016045
}