{
  "timestamp": 1645034848957,
  "totalSupply": 12917635.258219913,
  "moreBalance": 14018161.909495594,
  "cachedAPR": 10.53,
  "currentRatio": 1.085195674694049
}