{
  "timestamp": 1645034848957,
  "totalSupply": 13609272.795728672,
  "moreBalance": 14812161.159681791,
  "cachedAPR": 9.96,
  "currentRatio": 1.0883874092325234
}