{
  "timestamp": 1645034848957,
  "totalSupply": 10685339.231596438,
  "moreBalance": 11391041.980278708,
  "cachedAPR": 12.96,
  "currentRatio": 1.0660440191356315
}