{
  "timestamp": 1645034848957,
  "totalSupply": 14970921.19158089,
  "moreBalance": 16588034.720870754,
  "cachedAPR": 8.9,
  "currentRatio": 1.1080169689357038
}