{
  "timestamp": 1645034848957,
  "totalSupply": 16563526.883222027,
  "moreBalance": 18387176.939855125,
  "cachedAPR": 6.61,
  "currentRatio": 1.1101003469545099
}