{
  "timestamp": 1645034848957,
  "totalSupply": 9314308.860975573,
  "moreBalance": 9848522.86984024,
  "cachedAPR": 18.45,
  "currentRatio": 1.0573541222261673
}