{
  "timestamp": 1645034848957,
  "totalSupply": 9349715.178789712,
  "moreBalance": 9885959.88593387,
  "cachedAPR": 18.38,
  "currentRatio": 1.0573541222261673
}