{
  "timestamp": 1645034848957,
  "totalSupply": 9309340.625619704,
  "moreBalance": 9836605.455430223,
  "cachedAPR": 22.56,
  "currentRatio": 1.0566382573175443
}