{
  "timestamp": 1645034848957,
  "totalSupply": 5110025.233898522,
  "moreBalance": 5672640.785097051,
  "cachedAPR": 21.43,
  "currentRatio": 1.11010034695451
}