{
  "timestamp": 1645034848957,
  "totalSupply": 9539592.627101041,
  "moreBalance": 10093381.028800959,
  "cachedAPR": 18,
  "currentRatio": 1.058051577603708
}