{
  "timestamp": 1645034848957,
  "totalSupply": 12952272.169130925,
  "moreBalance": 14055749.735400988,
  "cachedAPR": 10.5,
  "currentRatio": 1.085195674694049
}