{
  "timestamp": 1645034848957,
  "totalSupply": 8910980.146303594,
  "moreBalance": 9434963.094271475,
  "cachedAPR": 18.87,
  "currentRatio": 1.0588019431493445
}