{
  "timestamp": 1645034848957,
  "totalSupply": 3840005.4818952866,
  "moreBalance": 4262791.417759178,
  "cachedAPR": 110.64,
  "currentRatio": 1.11010034695451
}