{
  "timestamp": 1645034848957,
  "totalSupply": 8918864.666118098,
  "moreBalance": 9470014.6643368,
  "cachedAPR": 15.91,
  "currentRatio": 1.0617959817590312
}