{
  "timestamp": 1645034848957,
  "totalSupply": 10360520.896231301,
  "moreBalance": 11501217.841535818,
  "cachedAPR": 10.57,
  "currentRatio": 1.1101003469545099
}