{
  "timestamp": 1645034848957,
  "totalSupply": 6219901.377931828,
  "moreBalance": 6529756.945777683,
  "cachedAPR": 27.28,
  "currentRatio": 1.0498167975693666
}