{
  "timestamp": 1645034848957,
  "totalSupply": 6441681.50145065,
  "moreBalance": 7150912.869730816,
  "cachedAPR": 17,
  "currentRatio": 1.11010034695451
}