{
  "timestamp": 1645034848957,
  "totalSupply": 8903035.652282404,
  "moreBalance": 9423218.45162115,
  "cachedAPR": 19.09,
  "currentRatio": 1.0584275768013343
}