{
  "timestamp": 1645034848957,
  "totalSupply": 2186031.2093285187,
  "moreBalance": 2220794.654091674,
  "cachedAPR": 81.51,
  "currentRatio": 1.015902538177318
}