{
  "timestamp": 1645034848957,
  "totalSupply": 9925570.661222024,
  "moreBalance": 10501765.696723042,
  "cachedAPR": 17.13,
  "currentRatio": 1.058051577603708
}