{
  "timestamp": 1645034848957,
  "totalSupply": 2259889.1018827856,
  "moreBalance": 2300697.593133986,
  "cachedAPR": 78.42,
  "currentRatio": 1.0180577406286007
}