{
  "timestamp": 1645034848957,
  "totalSupply": 12878124.312695827,
  "moreBalance": 13961954.646525085,
  "cachedAPR": 10.57,
  "currentRatio": 1.0841605739712241
}