{
  "timestamp": 1645034848957,
  "totalSupply": 6606242.262299419,
  "moreBalance": 7333591.827444132,
  "cachedAPR": 16.57,
  "currentRatio": 1.1101003469545099
}