{
  "timestamp": 1645034848957,
  "totalSupply": 13469260.298381155,
  "moreBalance": 14659773.320433551,
  "cachedAPR": 10.07,
  "currentRatio": 1.0883874092325234
}