{
  "timestamp": 1645034848957,
  "totalSupply": 3915673.555543317,
  "moreBalance": 4070495.9732751525,
  "cachedAPR": 44.18,
  "currentRatio": 1.039539153490632
}