{
  "timestamp": 1645034848957,
  "totalSupply": 8711196.138604172,
  "moreBalance": 9249513.0562847,
  "cachedAPR": 16.29,
  "currentRatio": 1.0617959817590314
}