{
  "timestamp": 1645034848957,
  "totalSupply": 15468487.205239883,
  "moreBalance": 17151521.684837837,
  "cachedAPR": 8.6,
  "currentRatio": 1.1088040774296166
}