{
  "timestamp": 1645034848957,
  "totalSupply": 11346276.314385122,
  "moreBalance": 12186785.196273556,
  "cachedAPR": 12.11,
  "currentRatio": 1.0740779493288748
}