{
  "timestamp": 1645034848957,
  "totalSupply": 10064846.753922349,
  "moreBalance": 10739135.024545047,
  "cachedAPR": 13.74,
  "currentRatio": 1.0669943901887948
}