{
  "timestamp": 1645034848957,
  "totalSupply": 2068127.2408713796,
  "moreBalance": 2108688.9446509643,
  "cachedAPR": 85.56,
  "currentRatio": 1.019612769938901
}