{
  "timestamp": 1645034848957,
  "totalSupply": 12961615.26259871,
  "moreBalance": 14065888.82002049,
  "cachedAPR": 10.49,
  "currentRatio": 1.085195674694049
}