{
  "timestamp": 1645034848957,
  "totalSupply": 5949652.148981941,
  "moreBalance": 6236338.7628503535,
  "cachedAPR": 28.57,
  "currentRatio": 1.0481854412139822
}