{
  "timestamp": 1645034848957,
  "totalSupply": 2850832.5320298746,
  "moreBalance": 2915998.0300927716,
  "cachedAPR": 61.67,
  "currentRatio": 1.0228584097209306
}