{
  "timestamp": 1645034848957,
  "totalSupply": 3288676.757594656,
  "moreBalance": 3408901.1728513534,
  "cachedAPR": 52.76,
  "currentRatio": 1.036557078763992
}