{
  "timestamp": 1644768948261,
  "totalSupply": 1747523.8897561976,
  "moreBalance": 1764999.1286537596,
  "cachedAPR": 19.5080477478,
  "currentRatio": 1.01
}