{
  "timestamp": 1645034848957,
  "totalSupply": 11017037.996017208,
  "moreBalance": 11796743.304775203,
  "cachedAPR": 12.51,
  "currentRatio": 1.0707726803737871
}