{
  "timestamp": 1645034848957,
  "totalSupply": 11519906.817753984,
  "moreBalance": 12440150.062924355,
  "cachedAPR": 11.86,
  "currentRatio": 1.0798828722947769
}