{
  "timestamp": 1645034848957,
  "totalSupply": 12569158.926968265,
  "moreBalance": 13600280.985539008,
  "cachedAPR": 10.85,
  "currentRatio": 1.082035883591095
}