{
  "timestamp": 1645034848957,
  "totalSupply": 9310757.253121333,
  "moreBalance": 9841435.82543642,
  "cachedAPR": 22.54,
  "currentRatio": 1.056996284822825
}