{
  "timestamp": 1645034848957,
  "totalSupply": 8528685.630025465,
  "moreBalance": 8986029.8808655,
  "cachedAPR": 24.17,
  "currentRatio": 1.0536242359819128
}