{
  "timestamp": 1645034848957,
  "totalSupply": 3361878.5609217277,
  "moreBalance": 3491482.6296819723,
  "cachedAPR": 51.51,
  "currentRatio": 1.038551085772923
}