{
  "timestamp": 1645034848957,
  "totalSupply": 8755149.387256812,
  "moreBalance": 9224637.584055971,
  "cachedAPR": 23.54,
  "currentRatio": 1.0536242359819128
}