{
  "timestamp": 1645034848957,
  "totalSupply": 2234675.5390079995,
  "moreBalance": 2278503.7162426533,
  "cachedAPR": 79.19,
  "currentRatio": 1.0196127699389013
}