{
  "timestamp": 1645034848957,
  "totalSupply": 6430079.938287567,
  "moreBalance": 6753893.768126707,
  "cachedAPR": 26.38,
  "currentRatio": 1.0503592230496246
}