{
  "timestamp": 1645034848957,
  "totalSupply": 15458511.607360212,
  "moreBalance": 17160499.098730892,
  "cachedAPR": 7.08,
  "currentRatio": 1.11010034695451
}