{
  "timestamp": 1645034848957,
  "totalSupply": 3977058.0257642334,
  "moreBalance": 4147710.4020050317,
  "cachedAPR": 43.36,
  "currentRatio": 1.042909199497537
}