{
  "timestamp": 1645034848957,
  "totalSupply": 4281877.528082297,
  "moreBalance": 4469161.964590236,
  "cachedAPR": 40.24,
  "currentRatio": 1.0437388587785734
}