{
  "timestamp": 1645034848957,
  "totalSupply": 6698555.279389646,
  "moreBalance": 7042772.324407257,
  "cachedAPR": 25.3,
  "currentRatio": 1.0513867588846673
}