{
  "timestamp": 1644768948261,
  "totalSupply": 200828.11152289002,
  "moreBalance": 202836.3926381189,
  "cachedAPR": 19.5080477478,
  "currentRatio": 1.01
}