{
  "timestamp": 1645034848957,
  "totalSupply": 15448010.273257267,
  "moreBalance": 17128816.77916226,
  "cachedAPR": 8.62,
  "currentRatio": 1.1088040774296164
}