{
  "timestamp": 1645034848957,
  "totalSupply": 2455571.6819414,
  "moreBalance": 2507060.5591294337,
  "cachedAPR": 71.97,
  "currentRatio": 1.0209681833223154
}