{
  "timestamp": 1645034848957,
  "totalSupply": 9175409.602349857,
  "moreBalance": 9728359.247603904,
  "cachedAPR": 15.68,
  "currentRatio": 1.060264300910603
}