{
  "timestamp": 1645034848957,
  "totalSupply": 12566969.475650962,
  "moreBalance": 13611246.829549564,
  "cachedAPR": 10.84,
  "currentRatio": 1.0830969913567414
}