{
  "timestamp": 1645034848957,
  "totalSupply": 15427778.631274696,
  "moreBalance": 17126382.411315415,
  "cachedAPR": 7.1,
  "currentRatio": 1.1101003469545099
}