{
  "timestamp": 1645034848957,
  "totalSupply": 10275740.178498017,
  "moreBalance": 10964157.125494989,
  "cachedAPR": 13.46,
  "currentRatio": 1.0669943901887948
}