{
  "timestamp": 1645034848957,
  "totalSupply": 2627227.635853779,
  "moreBalance": 2693277.459121133,
  "cachedAPR": 66.77,
  "currentRatio": 1.0251405026218408
}