{
  "timestamp": 1645034848957,
  "totalSupply": 12567984.756513413,
  "moreBalance": 13612346.477197066,
  "cachedAPR": 10.84,
  "currentRatio": 1.0830969913567414
}