{
  "timestamp": 1645034848957,
  "totalSupply": 11136573.342774998,
  "moreBalance": 11954875.421601385,
  "cachedAPR": 12.35,
  "currentRatio": 1.0734788030069655
}