{
  "timestamp": 1645034848957,
  "totalSupply": 8711196.138604172,
  "moreBalance": 9242847.0562847,
  "cachedAPR": 16.3,
  "currentRatio": 1.0610307596363817
}