{
  "timestamp": 1645034848957,
  "totalSupply": 9185854.175724968,
  "moreBalance": 9732767.255891778,
  "cachedAPR": 15.67,
  "currentRatio": 1.0595386198936307
}