{
  "timestamp": 1645034848957,
  "totalSupply": 13939918.180963753,
  "moreBalance": 15240787.73623201,
  "cachedAPR": 9.68,
  "currentRatio": 1.093319741076007
}