{
  "timestamp": 1645034848957,
  "totalSupply": 11530842.674746273,
  "moreBalance": 12425235.240866048,
  "cachedAPR": 11.88,
  "currentRatio": 1.0775652388423083
}