{
  "timestamp": 1645034848957,
  "totalSupply": 5764429.739462321,
  "moreBalance": 6042191.329805314,
  "cachedAPR": 29.49,
  "currentRatio": 1.0481854412139824
}