{
  "timestamp": 1645034848957,
  "totalSupply": 6142136.39592315,
  "moreBalance": 6451449.61268666,
  "cachedAPR": 27.61,
  "currentRatio": 1.0503592230496244
}