{
  "timestamp": 1645034848957,
  "totalSupply": 11617600.020242853,
  "moreBalance": 12545647.27903171,
  "cachedAPR": 11.76,
  "currentRatio": 1.0798828722947769
}