{
  "timestamp": 1645034848957,
  "totalSupply": 9603856.745438326,
  "moreBalance": 10161375.780591033,
  "cachedAPR": 17.88,
  "currentRatio": 1.058051577603708
}