{
  "timestamp": 1645034848957,
  "totalSupply": 3478589.6069463613,
  "moreBalance": 3602427.8998647598,
  "cachedAPR": 49.92,
  "currentRatio": 1.0356001445732796
}