{
  "timestamp": 1645034848957,
  "totalSupply": 3383229.5039397804,
  "moreBalance": 3506910.491391968,
  "cachedAPR": 51.28,
  "currentRatio": 1.0365570787639917
}