{
  "timestamp": 1645034848957,
  "totalSupply": 12865453.38858531,
  "moreBalance": 13948217.330168681,
  "cachedAPR": 10.58,
  "currentRatio": 1.0841605739712241
}