{
  "timestamp": 1645034848957,
  "totalSupply": 3867981.4393113945,
  "moreBalance": 4045567.896188474,
  "cachedAPR": 44.45,
  "currentRatio": 1.045911920639592
}