{
  "timestamp": 1645034848957,
  "totalSupply": 9192874.228722699,
  "moreBalance": 9746876.367475772,
  "cachedAPR": 15.65,
  "currentRatio": 1.0602643009106032
}