{
  "timestamp": 1645034848957,
  "totalSupply": 4303076.934993115,
  "moreBalance": 4494638.110917776,
  "cachedAPR": 40.01,
  "currentRatio": 1.044517255633257
}