{
  "timestamp": 1645034848957,
  "totalSupply": 9557600.693402067,
  "moreBalance": 10105768.49176035,
  "cachedAPR": 17.98,
  "currentRatio": 1.0573541222261673
}