{
  "timestamp": 1645034848957,
  "totalSupply": 2773550.584615466,
  "moreBalance": 2836949.540260333,
  "cachedAPR": 63.39,
  "currentRatio": 1.0228584097209306
}