{
  "timestamp": 1645034848957,
  "totalSupply": 12384818.67534219,
  "moreBalance": 13400818.21848938,
  "cachedAPR": 11.01,
  "currentRatio": 1.082035883591095
}