{
  "timestamp": 1645034848957,
  "totalSupply": 3366992.0729021057,
  "moreBalance": 3496793.273101307,
  "cachedAPR": 51.43,
  "currentRatio": 1.0385510857729232
}