{
  "timestamp": 1645034848957,
  "totalSupply": 13477317.472400062,
  "moreBalance": 14735017.249323579,
  "cachedAPR": 10.02,
  "currentRatio": 1.093319741076007
}