{
  "timestamp": 1645034848957,
  "totalSupply": 9262475.727735063,
  "moreBalance": 9800177.056246137,
  "cachedAPR": 18.54,
  "currentRatio": 1.058051577603708
}