{
  "timestamp": 1645034848957,
  "totalSupply": 2633999.7930407654,
  "moreBalance": 2703549.101898,
  "cachedAPR": 66.52,
  "currentRatio": 1.0264044473507512
}