{
  "timestamp": 1645034848957,
  "totalSupply": 8962273.251485167,
  "moreBalance": 9516105.725853398,
  "cachedAPR": 15.84,
  "currentRatio": 1.0617959817590312
}