{
  "timestamp": 1645034848957,
  "totalSupply": 4180174.318065895,
  "moreBalance": 4372094.149616596,
  "cachedAPR": 44.45,
  "currentRatio": 1.045911920639592
}