{
  "timestamp": 1645034848957,
  "totalSupply": 4274524.236033453,
  "moreBalance": 4461487.047938909,
  "cachedAPR": 40.31,
  "currentRatio": 1.0437388587785734
}