{
  "timestamp": 1645034848957,
  "totalSupply": 3355616.541116884,
  "moreBalance": 3475076.975113134,
  "cachedAPR": 51.75,
  "currentRatio": 1.0356001445732796
}