{
  "timestamp": 1645034848957,
  "totalSupply": 5195103.268282528,
  "moreBalance": 5430143.041141047,
  "cachedAPR": 33.12,
  "currentRatio": 1.0452425602958653
}