{
  "timestamp": 1645034848957,
  "totalSupply": 11464816.903615477,
  "moreBalance": 12327482.462385934,
  "cachedAPR": 11.97,
  "currentRatio": 1.0752445997195483
}