{
  "timestamp": 1645034848957,
  "totalSupply": 2302728.177455174,
  "moreBalance": 2342680.4002091405,
  "cachedAPR": 77.27,
  "currentRatio": 1.0173499517420763
}