{
  "timestamp": 1645034848957,
  "totalSupply": 9216452.589484453,
  "moreBalance": 9765187.456977436,
  "cachedAPR": 15.62,
  "currentRatio": 1.0595386198936307
}