{
  "timestamp": 1645034848957,
  "totalSupply": 3361881.83988407,
  "moreBalance": 3491486.0350518734,
  "cachedAPR": 51.51,
  "currentRatio": 1.038551085772923
}