{
  "timestamp": 1645034848957,
  "totalSupply": 15486146.91683025,
  "moreBalance": 17068770.837453667,
  "cachedAPR": 8.65,
  "currentRatio": 1.1021961065669235
}