{
  "timestamp": 1645034848957,
  "totalSupply": 13938088.889929429,
  "moreBalance": 15238787.73623201,
  "cachedAPR": 9.69,
  "currentRatio": 1.093319741076007
}