{
  "timestamp": 1645034848957,
  "totalSupply": 3305339.9381028474,
  "moreBalance": 3426173.510561841,
  "cachedAPR": 52.49,
  "currentRatio": 1.0365570787639917
}