{
  "timestamp": 1645034848957,
  "totalSupply": 6154359.793351125,
  "moreBalance": 6457652.410497498,
  "cachedAPR": 27.59,
  "currentRatio": 1.0492809369829232
}