{
  "timestamp": 1645034848957,
  "totalSupply": 12865547.00518956,
  "moreBalance": 13948318.825600076,
  "cachedAPR": 10.58,
  "currentRatio": 1.0841605739712241
}