{
  "timestamp": 1645034848957,
  "totalSupply": 11428092.368548343,
  "moreBalance": 12287994.604377786,
  "cachedAPR": 12.01,
  "currentRatio": 1.075244599719548
}