{
  "timestamp": 1644768948261,
  "totalSupply": 1616263.4010662737,
  "moreBalance": 1632426.0350769365,
  "cachedAPR": 19.5080477478,
  "currentRatio": 1.01
}