{
  "timestamp": 1645034848957,
  "totalSupply": 4043961.209200996,
  "moreBalance": 4220839.457436267,
  "cachedAPR": 42.61,
  "currentRatio": 1.0437388587785734
}