{
  "timestamp": 1645034848957,
  "totalSupply": 8692836.65017726,
  "moreBalance": 9175773.01154808,
  "cachedAPR": 23.67,
  "currentRatio": 1.0555556696629023
}