{
  "timestamp": 1645034848957,
  "totalSupply": 2341032.3661377076,
  "moreBalance": 2390119.561954357,
  "cachedAPR": 75.49,
  "currentRatio": 1.0209681833223156
}