{
  "timestamp": 1645034848957,
  "totalSupply": 12768957.11404645,
  "moreBalance": 13843599.873778546,
  "cachedAPR": 10.66,
  "currentRatio": 1.0841605739712241
}