{
  "timestamp": 1645034848957,
  "totalSupply": 14274418.481841147,
  "moreBalance": 15606503.518577129,
  "cachedAPR": 9.46,
  "currentRatio": 1.0933197410760067
}