{
  "timestamp": 1645034848957,
  "totalSupply": 13489968.736433666,
  "moreBalance": 14748849.126041085,
  "cachedAPR": 10.01,
  "currentRatio": 1.093319741076007
}