{
  "timestamp": 1644768948261,
  "totalSupply": 723933.050807484,
  "moreBalance": 731172.3813155588,
  "cachedAPR": 19.5080477478,
  "currentRatio": 1.01
}