{
  "timestamp": 1645034848957,
  "totalSupply": 12897145.30107739,
  "moreBalance": 13995926.296629861,
  "cachedAPR": 10.54,
  "currentRatio": 1.085195674694049
}