{
  "timestamp": 1645034848957,
  "totalSupply": 2852387.3898426164,
  "moreBalance": 2944303.482801971,
  "cachedAPR": 61.08,
  "currentRatio": 1.0322242670426425
}