{
  "timestamp": 1645034848957,
  "totalSupply": 3359184.090990264,
  "moreBalance": 3488684.2850090684,
  "cachedAPR": 51.55,
  "currentRatio": 1.0385510857729232
}