{
  "timestamp": 1645034848957,
  "totalSupply": 13431822.455712868,
  "moreBalance": 14576155.632198004,
  "cachedAPR": 10.13,
  "currentRatio": 1.085195674694049
}