{
  "timestamp": 1645034848957,
  "totalSupply": 3047766.207264885,
  "moreBalance": 3142645.2394113303,
  "cachedAPR": 57.23,
  "currentRatio": 1.0311306792234538
}