{
  "timestamp": 1645034848957,
  "totalSupply": 2870527.0353645054,
  "moreBalance": 2936142.7184538757,
  "cachedAPR": 61.25,
  "currentRatio": 1.0228584097209308
}