{
  "timestamp": 1645034848957,
  "totalSupply": 3472277.422519237,
  "moreBalance": 3595891.000759457,
  "cachedAPR": 50.01,
  "currentRatio": 1.0356001445732796
}