{
  "timestamp": 1645034848957,
  "totalSupply": 12994737.410493255,
  "moreBalance": 14101832.831652226,
  "cachedAPR": 10.47,
  "currentRatio": 1.085195674694049
}