{
  "timestamp": 1645034848957,
  "totalSupply": 2723690.6766660274,
  "moreBalance": 2792165.6292638327,
  "cachedAPR": 64.41,
  "currentRatio": 1.0251405026218408
}