{
  "timestamp": 1645034848957,
  "totalSupply": 11149690.0883801,
  "moreBalance": 11968955.969972897,
  "cachedAPR": 12.33,
  "currentRatio": 1.0734788030069655
}