{
  "timestamp": 1645034848957,
  "totalSupply": 1852348.6757128567,
  "moreBalance": 1874229.2440881173,
  "cachedAPR": 20.375780032734966,
  "currentRatio": 1.0118123378509394
}