{
  "timestamp": 1645034848957,
  "totalSupply": 12973150.160066895,
  "moreBalance": 14078406.440861003,
  "cachedAPR": 10.48,
  "currentRatio": 1.085195674694049
}