{
  "timestamp": 1645034848957,
  "totalSupply": 15222468.70683742,
  "moreBalance": 16898467.79296439,
  "cachedAPR": 7.19,
  "currentRatio": 1.11010034695451
}