{
  "timestamp": 1645034848957,
  "totalSupply": 9558081.076760504,
  "moreBalance": 10112942.762130601,
  "cachedAPR": 17.97,
  "currentRatio": 1.0580515776037083
}