{
  "timestamp": 1645034848957,
  "totalSupply": 2939043.573326291,
  "moreBalance": 3023755.492706711,
  "cachedAPR": 59.48,
  "currentRatio": 1.02882295456564
}