{
  "timestamp": 1645034848957,
  "totalSupply": 14863244.703297721,
  "moreBalance": 16321572.070384858,
  "cachedAPR": 9.04,
  "currentRatio": 1.098116353205406
}