{
  "timestamp": 1645034848957,
  "totalSupply": 15401240.560439533,
  "moreBalance": 17076958.330889747,
  "cachedAPR": 8.64,
  "currentRatio": 1.1088040774296166
}