{
  "timestamp": 1645034848957,
  "totalSupply": 8610544.81819388,
  "moreBalance": 9072278.705457546,
  "cachedAPR": 23.94,
  "currentRatio": 1.0536242359819128
}