{
  "timestamp": 1645034848957,
  "totalSupply": 3969489.260483438,
  "moreBalance": 4136485.322208485,
  "cachedAPR": 43.48,
  "currentRatio": 1.0420699114587626
}