{
  "timestamp": 1645034848957,
  "totalSupply": 12990648.608179417,
  "moreBalance": 14097395.68106657,
  "cachedAPR": 10.47,
  "currentRatio": 1.085195674694049
}