{
  "timestamp": 1645034848957,
  "totalSupply": 9515330.641694278,
  "moreBalance": 10047609.92242169,
  "cachedAPR": 21.61,
  "currentRatio": 1.055939126108248
}