{
  "timestamp": 1645034848957,
  "totalSupply": 1988732.55848595,
  "moreBalance": 2015580.746333028,
  "cachedAPR": 86.5,
  "currentRatio": 1.01350014999881
}