{
  "timestamp": 1645034848957,
  "totalSupply": 3114314.4046753827,
  "moreBalance": 3234374.6064138734,
  "cachedAPR": 55.6,
  "currentRatio": 1.0385510857729232
}