{
  "timestamp": 1645034848957,
  "totalSupply": 15486256.401563767,
  "moreBalance": 17068891.51110068,
  "cachedAPR": 8.65,
  "currentRatio": 1.1021961065669235
}