{
  "timestamp": 1645034848957,
  "totalSupply": 9208452.589484453,
  "moreBalance": 9756711.148018287,
  "cachedAPR": 15.63,
  "currentRatio": 1.0595386198936307
}