{
  "timestamp": 1645034848957,
  "totalSupply": 8513602.445806494,
  "moreBalance": 8966810.482451303,
  "cachedAPR": 24.22,
  "currentRatio": 1.0532334037829125
}