{
  "timestamp": 1645034848957,
  "totalSupply": 15322192.599387255,
  "moreBalance": 16825550.26034999,
  "cachedAPR": 8.77,
  "currentRatio": 1.0981163532054057
}