{
  "timestamp": 1645034848957,
  "totalSupply": 13609333.953959212,
  "moreBalance": 14848933.047603955,
  "cachedAPR": 9.94,
  "currentRatio": 1.0910844790669658
}