{
  "timestamp": 1645034848957,
  "totalSupply": 16535037.696984839,
  "moreBalance": 18355551.084328774,
  "cachedAPR": 6.62,
  "currentRatio": 1.11010034695451
}