{
  "timestamp": 1645034848957,
  "totalSupply": 3482998.1333614094,
  "moreBalance": 3610326.3704575393,
  "cachedAPR": 49.81,
  "currentRatio": 1.036557078763992
}