{
  "timestamp": 1645034848957,
  "totalSupply": 2476020.3834930356,
  "moreBalance": 2527938.0328039075,
  "cachedAPR": 71.37,
  "currentRatio": 1.0209681833223154
}