{
  "timestamp": 1645034848957,
  "totalSupply": 12877955.870151188,
  "moreBalance": 13961772.027759207,
  "cachedAPR": 10.57,
  "currentRatio": 1.0841605739712241
}