{
  "timestamp": 1645034848957,
  "totalSupply": 5196421.174010117,
  "moreBalance": 5431520.572297981,
  "cachedAPR": 33.11,
  "currentRatio": 1.0452425602958655
}