{
  "timestamp": 1645034848957,
  "totalSupply": 10588955.31453145,
  "moreBalance": 11319002.487802142,
  "cachedAPR": 13.04,
  "currentRatio": 1.0689442113584928
}