{
  "timestamp": 1645034848957,
  "totalSupply": 14972704.093858719,
  "moreBalance": 16590010.206848543,
  "cachedAPR": 8.9,
  "currentRatio": 1.108016968935704
}