{
  "timestamp": 1645034848957,
  "totalSupply": 7523182.597423238,
  "moreBalance": 7917238.910520386,
  "cachedAPR": 27.43,
  "currentRatio": 1.0523789377692516
}