{
  "timestamp": 1645034848957,
  "totalSupply": 1973483.9958508522,
  "moreBalance": 1996795.4555532644,
  "cachedAPR": 87.31,
  "currentRatio": 1.0118123378509394
}