{
  "timestamp": 1645034848957,
  "totalSupply": 11458782.791487219,
  "moreBalance": 12320994.315905921,
  "cachedAPR": 11.98,
  "currentRatio": 1.075244599719548
}