{
  "timestamp": 1645034848957,
  "totalSupply": 15227950.331354944,
  "moreBalance": 16825349.65287338,
  "cachedAPR": 8.77,
  "currentRatio": 1.104899168092854
}