{
  "timestamp": 1645034848957,
  "totalSupply": 4334684.666417877,
  "moreBalance": 4527652.931802362,
  "cachedAPR": 39.72,
  "currentRatio": 1.0445172556332571
}