{
  "timestamp": 1645034848957,
  "totalSupply": 11627370.047635496,
  "moreBalance": 12556197.764274877,
  "cachedAPR": 11.75,
  "currentRatio": 1.0798828722947769
}