{
  "timestamp": 1645034848957,
  "totalSupply": 3037694.110099389,
  "moreBalance": 3132259.5910198684,
  "cachedAPR": 57.42,
  "currentRatio": 1.0311306792234538
}