{
  "timestamp": 1645034848957,
  "totalSupply": 13308116.125488691,
  "moreBalance": 14441910.057706453,
  "cachedAPR": 10.22,
  "currentRatio": 1.085195674694049
}