{
  "timestamp": 1645034848957,
  "totalSupply": 12866139.539277533,
  "moreBalance": 13948961.22769699,
  "cachedAPR": 10.58,
  "currentRatio": 1.0841605739712241
}