{
  "timestamp": 1645034848957,
  "totalSupply": 2994576.1657532626,
  "moreBalance": 3097910.508765516,
  "cachedAPR": 58.05,
  "currentRatio": 1.0345071680573736
}