{
  "timestamp": 1645034848957,
  "totalSupply": 11226673.524433121,
  "moreBalance": 12058322.4769079,
  "cachedAPR": 12.24,
  "currentRatio": 1.074077949328875
}