{
  "timestamp": 1645034848957,
  "totalSupply": 3970140.263784747,
  "moreBalance": 4140495.8043966913,
  "cachedAPR": 43.43,
  "currentRatio": 1.042909199497537
}