{
  "timestamp": 1645034848957,
  "totalSupply": 2853174.4434157275,
  "moreBalance": 2948448.8985995995,
  "cachedAPR": 61,
  "currentRatio": 1.033392439569805
}