{
  "timestamp": 1645034848957,
  "totalSupply": 13025477.993218778,
  "moreBalance": 14135192.37906354,
  "cachedAPR": 10.44,
  "currentRatio": 1.085195674694049
}