{
  "timestamp": 1645034848957,
  "totalSupply": 9314286.234110761,
  "moreBalance": 9848498.945231458,
  "cachedAPR": 18.45,
  "currentRatio": 1.0573541222261673
}