{
  "timestamp": 1645034848957,
  "totalSupply": 10499666.955072582,
  "moreBalance": 11193107.16037115,
  "cachedAPR": 13.19,
  "currentRatio": 1.0660440191356313
}