{
  "timestamp": 1645034848957,
  "totalSupply": 15259756.297241779,
  "moreBalance": 16939860.76000937,
  "cachedAPR": 7.18,
  "currentRatio": 1.11010034695451
}