{
  "timestamp": 1645034848957,
  "totalSupply": 15212684.722278412,
  "moreBalance": 16705297.869691962,
  "cachedAPR": 8.83,
  "currentRatio": 1.098116353205406
}