{
  "timestamp": 1645034848957,
  "totalSupply": 9245164.089820987,
  "moreBalance": 9843586.708289672,
  "cachedAPR": 15.31,
  "currentRatio": 1.0647281770939636
}