{
  "timestamp": 1645034848957,
  "totalSupply": 9299619.969463687,
  "moreBalance": 9839477.579806,
  "cachedAPR": 18.47,
  "currentRatio": 1.0580515776037078
}