{
  "timestamp": 1645034848957,
  "totalSupply": 3971223.043839026,
  "moreBalance": 4141625.0456763306,
  "cachedAPR": 43.42,
  "currentRatio": 1.042909199497537
}