{
  "timestamp": 1645034848957,
  "totalSupply": 12793384.779852819,
  "moreBalance": 13870083.385959957,
  "cachedAPR": 10.64,
  "currentRatio": 1.0841605739712243
}