{
  "timestamp": 1645034848957,
  "totalSupply": 8962273.251485167,
  "moreBalance": 9522771.725853398,
  "cachedAPR": 15.82,
  "currentRatio": 1.062539766266929
}