{
  "timestamp": 1645034848957,
  "totalSupply": 2890165.4549602,
  "moreBalance": 2959582.8432827247,
  "cachedAPR": 60.77,
  "currentRatio": 1.0240184824724785
}