{
  "timestamp": 1645034848957,
  "totalSupply": 4845465.191254064,
  "moreBalance": 5378952.589967138,
  "cachedAPR": 22.6,
  "currentRatio": 1.11010034695451
}