{
  "timestamp": 1645034848957,
  "totalSupply": 15486130.30134867,
  "moreBalance": 17068752.523934558,
  "cachedAPR": 8.65,
  "currentRatio": 1.1021961065669232
}