{
  "timestamp": 1645034848957,
  "totalSupply": 10313465.863366712,
  "moreBalance": 11017791.165854527,
  "cachedAPR": 13.4,
  "currentRatio": 1.0682918149745924
}