{
  "timestamp": 1645034848957,
  "totalSupply": 9579925.690390235,
  "moreBalance": 10136055.49004368,
  "cachedAPR": 17.93,
  "currentRatio": 1.058051577603708
}