{
  "timestamp": 1645034848957,
  "totalSupply": 13438481.286961863,
  "moreBalance": 14583381.76706793,
  "cachedAPR": 10.12,
  "currentRatio": 1.085195674694049
}