{
  "timestamp": 1645034848957,
  "totalSupply": 5078946.10310281,
  "moreBalance": 5638139.831217686,
  "cachedAPR": 21.56,
  "currentRatio": 1.11010034695451
}