{
  "timestamp": 1645034848957,
  "totalSupply": 16539942.125949852,
  "moreBalance": 18360995.492624447,
  "cachedAPR": 6.62,
  "currentRatio": 1.11010034695451
}