{
  "timestamp": 1645034848957,
  "totalSupply": 13452676.096131783,
  "moreBalance": 14613937.963666316,
  "cachedAPR": 10.1,
  "currentRatio": 1.0863219971428915
}