{
  "timestamp": 1645034848957,
  "totalSupply": 14856272.87304201,
  "moreBalance": 16461002.438469728,
  "cachedAPR": 8.97,
  "currentRatio": 1.1080169689357038
}