{
  "timestamp": 1645034848957,
  "totalSupply": 2233517.7896725154,
  "moreBalance": 2277323.2602358055,
  "cachedAPR": 79.23,
  "currentRatio": 1.0196127699389013
}