{
  "timestamp": 1645034848957,
  "totalSupply": 6019386.95885184,
  "moreBalance": 6682123.55147488,
  "cachedAPR": 18.19,
  "currentRatio": 1.1101003469545099
}