{
  "timestamp": 1645034848957,
  "totalSupply": 5197615.754335907,
  "moreBalance": 5432769.198496189,
  "cachedAPR": 33.1,
  "currentRatio": 1.0452425602958653
}