{
  "timestamp": 1645034848957,
  "totalSupply": 16623542.153962398,
  "moreBalance": 18453799.91272658,
  "cachedAPR": 6.59,
  "currentRatio": 1.11010034695451
}