{
  "timestamp": 1645034848957,
  "totalSupply": 13664144.801085329,
  "moreBalance": 14908736.312187774,
  "cachedAPR": 9.9,
  "currentRatio": 1.0910844790669658
}