{
  "timestamp": 1645034848957,
  "totalSupply": 8714163.317002779,
  "moreBalance": 9252663.594385503,
  "cachedAPR": 16.29,
  "currentRatio": 1.0617959817590314
}