{
  "timestamp": 1645034848957,
  "totalSupply": 8151847.727376922,
  "moreBalance": 8585798.329025196,
  "cachedAPR": 25.29,
  "currentRatio": 1.0532334037829125
}