{
  "timestamp": 1645034848957,
  "totalSupply": 14849074.236387787,
  "moreBalance": 16439994.398199944,
  "cachedAPR": 8.98,
  "currentRatio": 1.1071393500016042
}