{
  "timestamp": 1645034848957,
  "totalSupply": 6446139.009801908,
  "moreBalance": 7155861.1512981,
  "cachedAPR": 16.99,
  "currentRatio": 1.11010034695451
}