{
  "timestamp": 1645034848957,
  "totalSupply": 13327046.160788596,
  "moreBalance": 14462452.850135714,
  "cachedAPR": 10.2,
  "currentRatio": 1.0851956746940488
}