{
  "timestamp": 1645034848957,
  "totalSupply": 2613383.6707276125,
  "moreBalance": 2679085.449753416,
  "cachedAPR": 67.13,
  "currentRatio": 1.0251405026218408
}