{
  "timestamp": 1645034848957,
  "totalSupply": 11432792.453707887,
  "moreBalance": 12293048.345563808,
  "cachedAPR": 12.01,
  "currentRatio": 1.0752445997195483
}