{
  "timestamp": 1645034848957,
  "totalSupply": 2626190.822704962,
  "moreBalance": 2692214.57996863,
  "cachedAPR": 66.8,
  "currentRatio": 1.0251405026218405
}