{
  "timestamp": 1645034848957,
  "totalSupply": 2931452.5393290017,
  "moreBalance": 3015945.662681411,
  "cachedAPR": 59.63,
  "currentRatio": 1.0288229545656398
}