{
  "timestamp": 1645034848957,
  "totalSupply": 15634580.018379783,
  "moreBalance": 17274634.455788977,
  "cachedAPR": 8.54,
  "currentRatio": 1.1048991680928537
}