{
  "timestamp": 1645034848957,
  "totalSupply": 15616478.819123274,
  "moreBalance": 17254634.455788977,
  "cachedAPR": 8.55,
  "currentRatio": 1.104899168092854
}