{
  "timestamp": 1645034848957,
  "totalSupply": 11214528.489161218,
  "moreBalance": 12021776.965129713,
  "cachedAPR": 12.28,
  "currentRatio": 1.071982382206144
}