{
  "timestamp": 1645034848957,
  "totalSupply": 11232078.803222647,
  "moreBalance": 12064128.167665703,
  "cachedAPR": 12.23,
  "currentRatio": 1.0740779493288748
}