{
  "timestamp": 1645034848957,
  "totalSupply": 13164307.358962398,
  "moreBalance": 14285849.406289032,
  "cachedAPR": 10.33,
  "currentRatio": 1.0851956746940488
}