{
  "timestamp": 1644768948261,
  "totalSupply": 1576846.5847305846,
  "moreBalance": 1592615.0505778904,
  "cachedAPR": 19.5080477478,
  "currentRatio": 1.01
}