{
  "timestamp": 1645034848957,
  "totalSupply": 9170430.899993284,
  "moreBalance": 9713094.655020727,
  "cachedAPR": 18.33,
  "currentRatio": 1.0591753823724728
}