{
  "timestamp": 1645034848957,
  "totalSupply": 15537563.215740489,
  "moreBalance": 17125441.68192661,
  "cachedAPR": 8.62,
  "currentRatio": 1.1021961065669232
}