{
  "timestamp": 1645034848957,
  "totalSupply": 15339942.279813668,
  "moreBalance": 17008990.547392365,
  "cachedAPR": 8.68,
  "currentRatio": 1.1088040774296166
}