{
  "timestamp": 1645034848957,
  "totalSupply": 12894737.410493255,
  "moreBalance": 13993313.26418282,
  "cachedAPR": 10.55,
  "currentRatio": 1.085195674694049
}