{
  "timestamp": 1645034848957,
  "totalSupply": 11020351.835908066,
  "moreBalance": 11800291.673997466,
  "cachedAPR": 12.51,
  "currentRatio": 1.0707726803737871
}