{
  "timestamp": 1645034848957,
  "totalSupply": 16746206.913282193,
  "moreBalance": 18589970.104606576,
  "cachedAPR": 6.54,
  "currentRatio": 1.1101003469545099
}