{
  "timestamp": 1645034848957,
  "totalSupply": 13935848.037991844,
  "moreBalance": 15236337.76857182,
  "cachedAPR": 9.69,
  "currentRatio": 1.0933197410760067
}