{
  "timestamp": 1645034848957,
  "totalSupply": 4044060.35272116,
  "moreBalance": 4220942.937380859,
  "cachedAPR": 42.61,
  "currentRatio": 1.0437388587785734
}