{
  "timestamp": 1645034848957,
  "totalSupply": 9439177.024039058,
  "moreBalance": 9980552.736790225,
  "cachedAPR": 18.21,
  "currentRatio": 1.0573541222261673
}