{
  "timestamp": 1645034848957,
  "totalSupply": 15229157.04632463,
  "moreBalance": 16905892.52094969,
  "cachedAPR": 7.19,
  "currentRatio": 1.1101003469545099
}