{
  "timestamp": 1645034848957,
  "totalSupply": 13469260.298381155,
  "moreBalance": 14651756.595896514,
  "cachedAPR": 10.07,
  "currentRatio": 1.0877922225363394
}