{
  "timestamp": 1645034848957,
  "totalSupply": 13576557.177737879,
  "moreBalance": 14843517.978267979,
  "cachedAPR": 9.94,
  "currentRatio": 1.0933197410760067
}