{
  "timestamp": 1645034848957,
  "totalSupply": 8151585.536716283,
  "moreBalance": 8585522.181063252,
  "cachedAPR": 25.29,
  "currentRatio": 1.0532334037829125
}