{
  "timestamp": 1645034848957,
  "totalSupply": 6213770.328779326,
  "moreBalance": 6523320.467390663,
  "cachedAPR": 27.31,
  "currentRatio": 1.0498167975693669
}