{
  "timestamp": 1645034848957,
  "totalSupply": 11428306.79979925,
  "moreBalance": 12288225.170422336,
  "cachedAPR": 12.01,
  "currentRatio": 1.075244599719548
}