{
  "timestamp": 1645034848957,
  "totalSupply": 8108027.858758425,
  "moreBalance": 8539645.779646818,
  "cachedAPR": 25.43,
  "currentRatio": 1.0532334037829127
}