{
  "timestamp": 1645034848957,
  "totalSupply": 6449493.932082201,
  "moreBalance": 6774285.435565129,
  "cachedAPR": 26.3,
  "currentRatio": 1.0503592230496246
}