{
  "timestamp": 1645034848957,
  "totalSupply": 14880375.919372309,
  "moreBalance": 16487709.022806745,
  "cachedAPR": 8.95,
  "currentRatio": 1.108016968935704
}