{
  "timestamp": 1645034848957,
  "totalSupply": 8679773.501742804,
  "moreBalance": 9161984.13115444,
  "cachedAPR": 23.7,
  "currentRatio": 1.0555556696629023
}