{
  "timestamp": 1645034848957,
  "totalSupply": 11489938.154746702,
  "moreBalance": 12354493.952002982,
  "cachedAPR": 11.95,
  "currentRatio": 1.075244599719548
}