{
  "timestamp": 1645034848957,
  "totalSupply": 3840017.8772230446,
  "moreBalance": 4262805.177816823,
  "cachedAPR": 110.64,
  "currentRatio": 1.11010034695451
}