{
  "timestamp": 1645034848957,
  "totalSupply": 10165924.810995942,
  "moreBalance": 10846984.744413754,
  "cachedAPR": 13.61,
  "currentRatio": 1.0669943901887948
}