{
  "timestamp": 1645034848957,
  "totalSupply": 6449502.1040491285,
  "moreBalance": 7159594.52338878,
  "cachedAPR": 16.98,
  "currentRatio": 1.11010034695451
}