{
  "timestamp": 1645034848957,
  "totalSupply": 2672660.819647457,
  "moreBalance": 2749694.8010215214,
  "cachedAPR": 65.4,
  "currentRatio": 1.0288229545656398
}