{
  "timestamp": 1645034848957,
  "totalSupply": 7322403.557914539,
  "moreBalance": 7705943.2781958915,
  "cachedAPR": 28.18,
  "currentRatio": 1.0523789377692516
}