{
  "timestamp": 1645034848957,
  "totalSupply": 9345913.498781174,
  "moreBalance": 9881940.163905457,
  "cachedAPR": 18.39,
  "currentRatio": 1.0573541222261673
}