{
  "timestamp": 1645034848957,
  "totalSupply": 16600026.73648774,
  "moreBalance": 18427695.439629182,
  "cachedAPR": 6.6,
  "currentRatio": 1.1101003469545099
}