{
  "timestamp": 1645034848957,
  "totalSupply": 15498737.43994595,
  "moreBalance": 17082648.063011434,
  "cachedAPR": 8.64,
  "currentRatio": 1.1021961065669237
}