{
  "timestamp": 1645034848957,
  "totalSupply": 12878108.338918688,
  "moreBalance": 13961937.328385692,
  "cachedAPR": 10.57,
  "currentRatio": 1.0841605739712241
}