{
  "timestamp": 1645034848957,
  "totalSupply": 9107410.898166168,
  "moreBalance": 9676986.247034362,
  "cachedAPR": 15.57,
  "currentRatio": 1.062539766266929
}