{
  "timestamp": 1645034848957,
  "totalSupply": 6058307.497055953,
  "moreBalance": 6350229.716811571,
  "cachedAPR": 28.05,
  "currentRatio": 1.0481854412139824
}