{
  "timestamp": 1645034848957,
  "totalSupply": 8916861.9186465,
  "moreBalance": 9467888.15511898,
  "cachedAPR": 15.92,
  "currentRatio": 1.0617959817590312
}