{
  "timestamp": 1645034848957,
  "totalSupply": 5771266.532945203,
  "moreBalance": 6049357.557198658,
  "cachedAPR": 29.45,
  "currentRatio": 1.0481854412139824
}