{
  "timestamp": 1645034848957,
  "totalSupply": 13438480.595800998,
  "moreBalance": 14583381.01702315,
  "cachedAPR": 10.12,
  "currentRatio": 1.085195674694049
}