{
  "timestamp": 1645034848957,
  "totalSupply": 6406532.9279095,
  "moreBalance": 6729160.9486008575,
  "cachedAPR": 26.48,
  "currentRatio": 1.0503592230496244
}