{
  "timestamp": 1645034848957,
  "totalSupply": 9143699.963392,
  "moreBalance": 9728961.954419378,
  "cachedAPR": 15.49,
  "currentRatio": 1.0640071298676193
}