{
  "timestamp": 1645034848957,
  "totalSupply": 3983092.1409979016,
  "moreBalance": 4421631.967673552,
  "cachedAPR": 106.66,
  "currentRatio": 1.1101003469545099
}