{
  "timestamp": 1645034848957,
  "totalSupply": 15245674.634188518,
  "moreBalance": 16904466.197553508,
  "cachedAPR": 8.73,
  "currentRatio": 1.1088040774296166
}