{
  "timestamp": 1645034848957,
  "totalSupply": 16728279.08542821,
  "moreBalance": 18570068.41668573,
  "cachedAPR": 6.55,
  "currentRatio": 1.11010034695451
}