{
  "timestamp": 1645034848957,
  "totalSupply": 3373250.578137401,
  "moreBalance": 3503293.050508738,
  "cachedAPR": 51.34,
  "currentRatio": 1.038551085772923
}