{
  "timestamp": 1645034848957,
  "totalSupply": 16451566.485453159,
  "moreBalance": 18262889.663446743,
  "cachedAPR": 6.66,
  "currentRatio": 1.11010034695451
}