{
  "timestamp": 1645034848957,
  "totalSupply": 7361827.653267911,
  "moreBalance": 7747432.365786387,
  "cachedAPR": 28.03,
  "currentRatio": 1.0523789377692516
}