{
  "timestamp": 1645034848957,
  "totalSupply": 9410031.597603079,
  "moreBalance": 9949735.700004105,
  "cachedAPR": 18.26,
  "currentRatio": 1.0573541222261675
}