{
  "timestamp": 1645034848957,
  "totalSupply": 13664144.384965217,
  "moreBalance": 14908735.858165579,
  "cachedAPR": 9.9,
  "currentRatio": 1.0910844790669658
}