{
  "timestamp": 1645034848957,
  "totalSupply": 1934022.2326836416,
  "moreBalance": 1960131.8229259048,
  "cachedAPR": 88.94,
  "currentRatio": 1.0135001499988103
}