{
  "timestamp": 1645034848957,
  "totalSupply": 8102790.798250486,
  "moreBalance": 8534129.932582224,
  "cachedAPR": 25.44,
  "currentRatio": 1.0532334037829127
}