{
  "timestamp": 1645034848957,
  "totalSupply": 2852854.2682274347,
  "moreBalance": 2918065.9799646833,
  "cachedAPR": 61.63,
  "currentRatio": 1.0228584097209308
}