{
  "timestamp": 1645034848957,
  "totalSupply": 11512362.122614346,
  "moreBalance": 12432002.675866375,
  "cachedAPR": 11.87,
  "currentRatio": 1.0798828722947769
}