{
  "timestamp": 1645034848957,
  "totalSupply": 2340702.997726288,
  "moreBalance": 2389783.2872857065,
  "cachedAPR": 75.5,
  "currentRatio": 1.0209681833223154
}