{
  "timestamp": 1645034848957,
  "totalSupply": 15403620.924525145,
  "moreBalance": 17079597.688293643,
  "cachedAPR": 8.64,
  "currentRatio": 1.1088040774296166
}