{
  "timestamp": 1645034848957,
  "totalSupply": 2265367.0458553205,
  "moreBalance": 2306274.4563979553,
  "cachedAPR": 78.23,
  "currentRatio": 1.0180577406286007
}