{
  "timestamp": 1645034848957,
  "totalSupply": 2161938.095438192,
  "moreBalance": 2194675.699752364,
  "cachedAPR": 82.76,
  "currentRatio": 1.0151427112474913
}