{
  "timestamp": 1645034848957,
  "totalSupply": 15240094.197712611,
  "moreBalance": 16886282.979244135,
  "cachedAPR": 8.74,
  "currentRatio": 1.1080169689357038
}