{
  "timestamp": 1645034848957,
  "totalSupply": 14982929.376697516,
  "moreBalance": 16632555.099466832,
  "cachedAPR": 7.31,
  "currentRatio": 1.1101003469545099
}