{
  "timestamp": 1644768948261,
  "totalSupply": 1753074.0898337062,
  "moreBalance": 1770604.8307320431,
  "cachedAPR": 19.5080477478,
  "currentRatio": 1.01
}