{
  "timestamp": 1645034848957,
  "totalSupply": 14921244.593869543,
  "moreBalance": 16532992.20764759,
  "cachedAPR": 8.93,
  "currentRatio": 1.108016968935704
}