{
  "timestamp": 1645034848957,
  "totalSupply": 9079555.161637992,
  "moreBalance": 9660711.428009167,
  "cachedAPR": 15.6,
  "currentRatio": 1.0640071298676193
}