{
  "timestamp": 1645034848957,
  "totalSupply": 9132245.10927567,
  "moreBalance": 9703373.583902076,
  "cachedAPR": 15.53,
  "currentRatio": 1.062539766266929
}