{
  "timestamp": 1645034848957,
  "totalSupply": 12879905.989841586,
  "moreBalance": 13963886.270642063,
  "cachedAPR": 10.57,
  "currentRatio": 1.0841605739712241
}