{
  "timestamp": 1645034848957,
  "totalSupply": 14382957.331435459,
  "moreBalance": 15725171.18551227,
  "cachedAPR": 9.39,
  "currentRatio": 1.093319741076007
}