{
  "timestamp": 1645034848957,
  "totalSupply": 11499211.64382587,
  "moreBalance": 12404485.018188644,
  "cachedAPR": 11.9,
  "currentRatio": 1.0787248206574953
}