{
  "timestamp": 1645034848957,
  "totalSupply": 13144394.380808474,
  "moreBalance": 14264239.928526118,
  "cachedAPR": 10.35,
  "currentRatio": 1.085195674694049
}