{
  "timestamp": 1645034848957,
  "totalSupply": 2760524.405896979,
  "moreBalance": 2843426.864376025,
  "cachedAPR": 63.25,
  "currentRatio": 1.030031416604016
}