{
  "timestamp": 1645034848957,
  "totalSupply": 6431585.996514363,
  "moreBalance": 6755475.670275671,
  "cachedAPR": 26.37,
  "currentRatio": 1.0503592230496246
}