{
  "timestamp": 1645034848957,
  "totalSupply": 12879653.452930247,
  "moreBalance": 13963612.480079317,
  "cachedAPR": 10.57,
  "currentRatio": 1.0841605739712243
}