{
  "timestamp": 1645034848957,
  "totalSupply": 12912215.454363689,
  "moreBalance": 14012280.361793129,
  "cachedAPR": 10.53,
  "currentRatio": 1.085195674694049
}