{
  "timestamp": 1645034848957,
  "totalSupply": 8609131.802753946,
  "moreBalance": 9070789.918144215,
  "cachedAPR": 23.94,
  "currentRatio": 1.053624235981913
}