{
  "timestamp": 1645034848957,
  "totalSupply": 3470832.200200066,
  "moreBalance": 3594394.3283167826,
  "cachedAPR": 50.03,
  "currentRatio": 1.0356001445732796
}