{
  "timestamp": 1645034848957,
  "totalSupply": 6735705.968912326,
  "moreBalance": 7088515.092689962,
  "cachedAPR": 25.13,
  "currentRatio": 1.0523789377692518
}