{
  "timestamp": 1645034848957,
  "totalSupply": 14502495.317743039,
  "moreBalance": 15925427.27069846,
  "cachedAPR": 9.27,
  "currentRatio": 1.098116353205406
}