{
  "timestamp": 1645034848957,
  "totalSupply": 12492425.491722362,
  "moreBalance": 13517252.655131726,
  "cachedAPR": 10.92,
  "currentRatio": 1.082035883591095
}