{
  "timestamp": 1645034848957,
  "totalSupply": 10311574.51076361,
  "moreBalance": 11002392.156998537,
  "cachedAPR": 13.41,
  "currentRatio": 1.0669943901887948
}