{
  "timestamp": 1645034848957,
  "totalSupply": 9801302.693073044,
  "moreBalance": 10435723.149541816,
  "cachedAPR": 14.44,
  "currentRatio": 1.0647281770939634
}