{
  "timestamp": 1645034848957,
  "totalSupply": 3458033.6220418033,
  "moreBalance": 3594761.3441994796,
  "cachedAPR": 50.03,
  "currentRatio": 1.0395391534906318
}