{
  "timestamp": 1645034848957,
  "totalSupply": 12656429.873870265,
  "moreBalance": 13721602.276481735,
  "cachedAPR": 10.76,
  "currentRatio": 1.0841605739712241
}