{
  "timestamp": 1645034848957,
  "totalSupply": 13285834.068720134,
  "moreBalance": 14525664.663991887,
  "cachedAPR": 10.16,
  "currentRatio": 1.0933197410760067
}