{
  "timestamp": 1645034848957,
  "totalSupply": 8693090.295927182,
  "moreBalance": 9179374.17026144,
  "cachedAPR": 23.66,
  "currentRatio": 1.0559391261082482
}