{
  "timestamp": 1645034848957,
  "totalSupply": 12235804.98110426,
  "moreBalance": 13582971.354791561,
  "cachedAPR": 8.95,
  "currentRatio": 1.11010034695451
}