{
  "timestamp": 1645034848957,
  "totalSupply": 4337713.381896191,
  "moreBalance": 4530816.477381865,
  "cachedAPR": 39.69,
  "currentRatio": 1.0445172556332571
}