{
  "timestamp": 1645034848957,
  "totalSupply": 13476795.865398195,
  "moreBalance": 14734446.966091353,
  "cachedAPR": 10.02,
  "currentRatio": 1.0933197410760067
}