{
  "timestamp": 1645034848957,
  "totalSupply": 4267818.218837526,
  "moreBalance": 4454487.717203883,
  "cachedAPR": 40.37,
  "currentRatio": 1.0437388587785734
}