{
  "timestamp": 1645034848957,
  "totalSupply": 9579954.928685987,
  "moreBalance": 10136086.425668629,
  "cachedAPR": 17.93,
  "currentRatio": 1.0580515776037083
}