{
  "timestamp": 1644768948261,
  "totalSupply": 1730452.5622612706,
  "moreBalance": 1747757.0878838832,
  "cachedAPR": 19.5080477478,
  "currentRatio": 1.01
}