{
  "timestamp": 1645034848957,
  "totalSupply": 6698628.340541478,
  "moreBalance": 7042849.139934883,
  "cachedAPR": 25.3,
  "currentRatio": 1.0513867588846675
}