{
  "timestamp": 1645034848957,
  "totalSupply": 2671093.1016986864,
  "moreBalance": 2748081.8968095416,
  "cachedAPR": 65.44,
  "currentRatio": 1.0288229545656398
}