{
  "timestamp": 1645034848957,
  "totalSupply": 11015942.803820536,
  "moreBalance": 11788905.2564558,
  "cachedAPR": 12.52,
  "currentRatio": 1.070167616735191
}