{
  "timestamp": 1644768948261,
  "totalSupply": 450209.0206838198,
  "moreBalance": 454711.110890658,
  "cachedAPR": 19.5080477478,
  "currentRatio": 1.01
}