{
  "timestamp": 1645034848957,
  "totalSupply": 1840251.4863638245,
  "moreBalance": 1861989.1586514474,
  "cachedAPR": 20.375780032734966,
  "currentRatio": 1.0118123378509394
}