{
  "timestamp": 1645034848957,
  "totalSupply": 11497248.253974719,
  "moreBalance": 12402367.06082358,
  "cachedAPR": 11.9,
  "currentRatio": 1.0787248206574953
}