{
  "timestamp": 1645034848957,
  "totalSupply": 9165042.80190991,
  "moreBalance": 9707387.71417301,
  "cachedAPR": 18.34,
  "currentRatio": 1.0591753823724728
}