{
  "timestamp": 1645034848957,
  "totalSupply": 5231264.154651396,
  "moreBalance": 5483334.926050164,
  "cachedAPR": 32.49,
  "currentRatio": 1.0481854412139824
}