{
  "timestamp": 1645034848957,
  "totalSupply": 4009551.7370400107,
  "moreBalance": 4451004.774420174,
  "cachedAPR": 105.96,
  "currentRatio": 1.1101003469545099
}