{
  "timestamp": 1645034848957,
  "totalSupply": 9967828.837802382,
  "moreBalance": 10626144.3163069,
  "cachedAPR": 14.18,
  "currentRatio": 1.0660440191356313
}