{
  "timestamp": 1645034848957,
  "totalSupply": 15228303.980859067,
  "moreBalance": 16904945.532680396,
  "cachedAPR": 7.19,
  "currentRatio": 1.1101003469545099
}