{
  "timestamp": 1645034848957,
  "totalSupply": 3970417.1909658625,
  "moreBalance": 4152706.6699435585,
  "cachedAPR": 43.31,
  "currentRatio": 1.045911920639592
}