{
  "timestamp": 1645034848957,
  "totalSupply": 10125411.287743412,
  "moreBalance": 10787612.331377715,
  "cachedAPR": 13.97,
  "currentRatio": 1.0653999156000589
}