{
  "timestamp": 1645034848957,
  "totalSupply": 6720716.114785979,
  "moreBalance": 7072740.0859271595,
  "cachedAPR": 25.19,
  "currentRatio": 1.0523789377692516
}