{
  "timestamp": 1645034848957,
  "totalSupply": 9496746.494658213,
  "moreBalance": 10041424.053863768,
  "cachedAPR": 18.1,
  "currentRatio": 1.0573541222261675
}