{
  "timestamp": 1645034848957,
  "totalSupply": 8711192.30743638,
  "moreBalance": 9242842.991297828,
  "cachedAPR": 16.3,
  "currentRatio": 1.0610307596363817
}