{
  "timestamp": 1645034848957,
  "totalSupply": 14031422.292796716,
  "moreBalance": 15340830.988088615,
  "cachedAPR": 9.62,
  "currentRatio": 1.0933197410760067
}