{
  "timestamp": 1645034848957,
  "totalSupply": 6734737.529671302,
  "moreBalance": 7087495.927630198,
  "cachedAPR": 25.14,
  "currentRatio": 1.0523789377692516
}